panel_id,parent_drawing_key,parent_drawing_id,parent_png_path,parent_raw_json_path,panel_index,panel_count,split,phase,batch,split_method,panel_bbox_cad,parent_bbox_cad,panel_bbox_png,parent_png_width,parent_png_height,panel_entity_count,panel_png_path,needs_review,notes,review_status,review_comment,reviewed,panel_usable,final_keep,final_filter_reason
_P1_staging/001 220kV变电站电气主接线图#panel_000,_P1_staging/001 220kV变电站电气主接线图,001 220kV变电站电气主接线图,datas/qa_and_png/P1_oda_output/001 220kV变电站电气主接线图.png,datas/raw_json/_P1_staging/001 220kV变电站电气主接线图.json,0,1,train,P1,_P1_staging,candidate_full_fallback,"-6161694.8959,757584.1999,-3059444.4113,1518793.3671","-6161694.8959,757584.1999,-3059444.4113,1518793.3671","0.0,0.0,9362.0,6622.0",9362,6622,2802,datas/qa_and_png/P1_oda_output/001 220kV变电站电气主接线图.png,True,discarded_tiny_panels=2,reject,空白图,True,False,False,panel_review_reject
_P1_staging/05电气主接线#panel_002,_P1_staging/05电气主接线,05电气主接线,datas/qa_and_png/P1_oda_output/05电气主接线.png,datas/raw_json/_P1_staging/05电气主接线.json,2,5,train,P1,_P1_staging,image_components,"254941.3294,-37802.7679,501251.1785,9900.3682","-1025.6256,-61559.7735,501251.1785,34777.5756","4771.0,1710.0,9362.0,4989.0",9362,6622,4,outputs/panels/P1/P1_staging__05电气主接线__panel_002.png,True,,reject,,True,False,False,panel_review_reject
_P1_staging/05电气主接线#panel_003,_P1_staging/05电气主接线,05电气主接线,datas/qa_and_png/P1_oda_output/05电气主接线.png,datas/raw_json/_P1_staging/05电气主接线.json,3,5,train,P1,_P1_staging,image_components,"269105.0846,-37089.9122,499909.9138,9172.9645","-1025.6256,-61559.7735,501251.1785,34777.5756","5035.0,1760.0,9337.0,4940.0",9362,6622,2,outputs/panels/P1/P1_staging__05电气主接线__panel_003.png,True,,reject,,True,False,False,panel_review_reject
_P1_staging/05电气主接线#panel_004,_P1_staging/05电气主接线,05电气主接线,datas/qa_and_png/P1_oda_output/05电气主接线.png,datas/raw_json/_P1_staging/05电气主接线.json,4,5,train,P1,_P1_staging,image_components,"275543.1551,-33525.634,495456.915,6219.7054","-1025.6256,-61559.7735,501251.1785,34777.5756","5155.0,1963.0,9254.0,4695.0",9362,6622,1,outputs/panels/P1/P1_staging__05电气主接线__panel_004.png,True,,reject,,True,False,False,panel_review_reject
_P1_staging/110Kv变电站直流系统接线图#panel_001,_P1_staging/110Kv变电站直流系统接线图,110Kv变电站直流系统接线图,datas/qa_and_png/P1_oda_output/110Kv变电站直流系统接线图.png,datas/raw_json/_P1_staging/110Kv变电站直流系统接线图.json,1,2,val,P1,_P1_staging,image_components,"681.4079,48.1246,844.0165,92.706","0.0,0.0,863.006,297.0","7392.0,4555.0,9156.0,5549.0",9362,6622,0,outputs/panels/P1/P1_staging__110Kv变电站直流系统接线图__panel_001.png,True,,reject,,True,False,False,panel_review_reject
_P1_staging/110Kv变电站直流系统接线图wm666.taobao.com#panel_001,_P1_staging/110Kv变电站直流系统接线图wm666.taobao.com,110Kv变电站直流系统接线图wm666.taobao.com,datas/qa_and_png/P1_oda_output/110Kv变电站直流系统接线图wm666.taobao.com.png,datas/raw_json/_P1_staging/110Kv变电站直流系统接线图wm666.taobao.com.json,1,2,train,P1,_P1_staging,image_components,"681.4079,48.1246,844.0165,92.706","0.0,0.0,863.006,297.0","7392.0,4555.0,9156.0,5549.0",9362,6622,0,outputs/panels/P1/P1_staging__110Kv变电站直流系统接线图wm666.taobao.com__panel_001.png,True,,reject,,True,False,False,panel_review_reject
_P1_staging/110kV变电站GIS布置平面图#panel_000,_P1_staging/110kV变电站GIS布置平面图,110kV变电站GIS布置平面图,datas/qa_and_png/P1_oda_output/110kV变电站GIS布置平面图.png,datas/raw_json/_P1_staging/110kV变电站GIS布置平面图.json,0,5,train,P1,_P1_staging,image_components,"-1855.7344,4057.8435,706.551,4729.8435","-2337.363,4057.8435,2656.0,4729.8435","903.0,0.0,5707.0,6622.0",9362,6622,0,outputs/panels/P1/P1_staging__110kV变电站GIS布置平面图__panel_000.png,True,,reject,,True,False,False,panel_review_reject
_P1_staging/110kV变电站GIS布置平面图#panel_001,_P1_staging/110kV变电站GIS布置平面图,110kV变电站GIS布置平面图,datas/qa_and_png/P1_oda_output/110kV变电站GIS布置平面图.png,datas/raw_json/_P1_staging/110kV变电站GIS布置平面图.json,1,5,train,P1,_P1_staging,image_components,"715.0848,4380.4481,2158.3705,4718.8837","-2337.363,4057.8435,2656.0,4729.8435","5723.0,108.0,8429.0,3443.0",9362,6622,554,outputs/panels/P1/P1_staging__110kV变电站GIS布置平面图__panel_001.png,True,,reject,,True,False,False,panel_review_reject
_P1_staging/110kV变电站GIS布置平面图#panel_002,_P1_staging/110kV变电站GIS布置平面图,110kV变电站GIS布置平面图,datas/qa_and_png/P1_oda_output/110kV变电站GIS布置平面图.png,datas/raw_json/_P1_staging/110kV变电站GIS布置平面图.json,2,5,train,P1,_P1_staging,image_components,"-1543.1825,4421.446,-797.0049,4697.0655","-2337.363,4057.8435,2656.0,4729.8435","1489.0,323.0,2888.0,3039.0",9362,6622,0,outputs/panels/P1/P1_staging__110kV变电站GIS布置平面图__panel_002.png,True,,reject,,True,False,False,panel_review_reject
_P1_staging/110kV变电站GIS布置平面图#panel_003,_P1_staging/110kV变电站GIS布置平面图,110kV变电站GIS布置平面图,datas/qa_and_png/P1_oda_output/110kV变电站GIS布置平面图.png,datas/raw_json/_P1_staging/110kV变电站GIS布置平面图.json,3,5,train,P1,_P1_staging,image_components,"-1391.1735,4094.9851,-728.2008,4374.1564","-2337.363,4057.8435,2656.0,4729.8435","1774.0,3505.0,3017.0,6256.0",9362,6622,0,outputs/panels/P1/P1_staging__110kV变电站GIS布置平面图__panel_003.png,True,,reject,,True,False,False,panel_review_reject
_P1_staging/110kV变电站GIS布置平面图#panel_004,_P1_staging/110kV变电站GIS布置平面图,110kV变电站GIS布置平面图,datas/qa_and_png/P1_oda_output/110kV变电站GIS布置平面图.png,datas/raw_json/_P1_staging/110kV变电站GIS布置平面图.json,4,5,train,P1,_P1_staging,image_components,"-771.4034,4200.0169,352.93,4360.2536","-2337.363,4057.8435,2656.0,4729.8435","2936.0,3642.0,5044.0,5221.0",9362,6622,0,outputs/panels/P1/P1_staging__110kV变电站GIS布置平面图__panel_004.png,True,,reject,,True,False,False,panel_review_reject
_P1_staging/110kV变电站GIS布置平面图wm666.taobao.com#panel_000,_P1_staging/110kV变电站GIS布置平面图wm666.taobao.com,110kV变电站GIS布置平面图wm666.taobao.com,datas/qa_and_png/P1_oda_output/110kV变电站GIS布置平面图wm666.taobao.com.png,datas/raw_json/_P1_staging/110kV变电站GIS布置平面图wm666.taobao.com.json,0,5,train,P1,_P1_staging,image_components,"-1855.7344,4057.8435,706.551,4729.8435","-2337.363,4057.8435,2656.0,4729.8435","903.0,0.0,5707.0,6622.0",9362,6622,0,outputs/panels/P1/P1_staging__110kV变电站GIS布置平面图wm666.taobao.com__panel_000.png,True,,reject,,True,False,False,panel_review_reject
_P1_staging/110kV变电站GIS布置平面图wm666.taobao.com#panel_001,_P1_staging/110kV变电站GIS布置平面图wm666.taobao.com,110kV变电站GIS布置平面图wm666.taobao.com,datas/qa_and_png/P1_oda_output/110kV变电站GIS布置平面图wm666.taobao.com.png,datas/raw_json/_P1_staging/110kV变电站GIS布置平面图wm666.taobao.com.json,1,5,train,P1,_P1_staging,image_components,"715.0848,4380.4481,2158.3705,4718.8837","-2337.363,4057.8435,2656.0,4729.8435","5723.0,108.0,8429.0,3443.0",9362,6622,554,outputs/panels/P1/P1_staging__110kV变电站GIS布置平面图wm666.taobao.com__panel_001.png,True,,reject,,True,False,False,panel_review_reject
_P1_staging/110kV变电站GIS布置平面图wm666.taobao.com#panel_002,_P1_staging/110kV变电站GIS布置平面图wm666.taobao.com,110kV变电站GIS布置平面图wm666.taobao.com,datas/qa_and_png/P1_oda_output/110kV变电站GIS布置平面图wm666.taobao.com.png,datas/raw_json/_P1_staging/110kV变电站GIS布置平面图wm666.taobao.com.json,2,5,train,P1,_P1_staging,image_components,"-1543.1825,4421.446,-797.0049,4697.0655","-2337.363,4057.8435,2656.0,4729.8435","1489.0,323.0,2888.0,3039.0",9362,6622,0,outputs/panels/P1/P1_staging__110kV变电站GIS布置平面图wm666.taobao.com__panel_002.png,True,,reject,,True,False,False,panel_review_reject
_P1_staging/110kV变电站GIS布置平面图wm666.taobao.com#panel_003,_P1_staging/110kV变电站GIS布置平面图wm666.taobao.com,110kV变电站GIS布置平面图wm666.taobao.com,datas/qa_and_png/P1_oda_output/110kV变电站GIS布置平面图wm666.taobao.com.png,datas/raw_json/_P1_staging/110kV变电站GIS布置平面图wm666.taobao.com.json,3,5,train,P1,_P1_staging,image_components,"-1391.1735,4094.9851,-728.2008,4374.1564","-2337.363,4057.8435,2656.0,4729.8435","1774.0,3505.0,3017.0,6256.0",9362,6622,0,outputs/panels/P1/P1_staging__110kV变电站GIS布置平面图wm666.taobao.com__panel_003.png,True,,reject,,True,False,False,panel_review_reject
_P1_staging/110kV变电站GIS布置平面图wm666.taobao.com#panel_004,_P1_staging/110kV变电站GIS布置平面图wm666.taobao.com,110kV变电站GIS布置平面图wm666.taobao.com,datas/qa_and_png/P1_oda_output/110kV变电站GIS布置平面图wm666.taobao.com.png,datas/raw_json/_P1_staging/110kV变电站GIS布置平面图wm666.taobao.com.json,4,5,train,P1,_P1_staging,image_components,"-771.4034,4200.0169,352.93,4360.2536","-2337.363,4057.8435,2656.0,4729.8435","2936.0,3642.0,5044.0,5221.0",9362,6622,0,outputs/panels/P1/P1_staging__110kV变电站GIS布置平面图wm666.taobao.com__panel_004.png,True,,reject,,True,False,False,panel_review_reject
_P1_staging/110kV开关站+ABB避雷针高度计算#panel_000,_P1_staging/110kV开关站+ABB避雷针高度计算,110kV开关站+ABB避雷针高度计算,datas/qa_and_png/P1_oda_output/110kV开关站+ABB避雷针高度计算.png,datas/raw_json/_P1_staging/110kV开关站+ABB避雷针高度计算.json,0,1,train,P1,_P1_staging,full,"-268122.2123,-251983.0075,222141.7295,179353.4459","-268122.2123,-251983.0075,222141.7295,179353.4459","0.0,0.0,9362.0,6622.0",9362,6622,1080,datas/qa_and_png/P1_oda_output/110kV开关站+ABB避雷针高度计算.png,False,,,,False,True,False,parent_visible_watermark
_P1_staging/110kv安斑东线、西线竣工图设计wm666.taobao.com#panel_000,_P1_staging/110kv安斑东线、西线竣工图设计wm666.taobao.com,110kv安斑东线、西线竣工图设计wm666.taobao.com,datas/qa_and_png/P1_oda_output/110kv安斑东线、西线竣工图设计wm666.taobao.com.png,datas/raw_json/_P1_staging/110kv安斑东线、西线竣工图设计wm666.taobao.com.json,0,2,test,P1,_P1_staging,image_components,"2793.9213,-1044.122,7826.6582,9.9077","0.0,-2363.2001,7826.6582,187.8908","3342.0,462.0,9362.0,3198.0",9362,6622,0,outputs/panels/P1/P1_staging__110kv安斑东线、西线竣工图设计wm666.taobao.com__panel_000.png,True,,reject,,True,False,False,panel_review_reject
_P1_staging/110kv安斑东线、西线竣工图设计wm666.taobao.com#panel_001,_P1_staging/110kv安斑东线、西线竣工图设计wm666.taobao.com,110kv安斑东线、西线竣工图设计wm666.taobao.com,datas/qa_and_png/P1_oda_output/110kv安斑东线、西线竣工图设计wm666.taobao.com.png,datas/raw_json/_P1_staging/110kv安斑东线、西线竣工图设计wm666.taobao.com.json,1,2,test,P1,_P1_staging,image_components,"2912.6337,-989.032,7747.2379,-44.7971","0.0,-2363.2001,7826.6582,187.8908","3484.0,604.0,9267.0,3055.0",9362,6622,0,outputs/panels/P1/P1_staging__110kv安斑东线、西线竣工图设计wm666.taobao.com__panel_001.png,True,,reject,,True,False,False,panel_review_reject
_P1_staging/某医院高低压电气主接线图#panel_000,_P1_staging/某医院高低压电气主接线图,某医院高低压电气主接线图,datas/qa_and_png/P1_oda_output/某医院高低压电气主接线图.png,datas/raw_json/_P1_staging/某医院高低压电气主接线图.json,0,1,val,P1,_P1_staging,full,"-99161.4385,0.0,121198.7129,191205.6281","-99161.4385,0.0,121198.7129,191205.6281","0.0,0.0,6622.0,9362.0",6622,9362,3908,datas/qa_and_png/P1_oda_output/某医院高低压电气主接线图.png,False,,,,False,True,False,parent_visible_watermark
_P1_staging/电气主接线#panel_000,_P1_staging/电气主接线,电气主接线,datas/qa_and_png/P1_oda_output/电气主接线.png,datas/raw_json/_P1_staging/电气主接线.json,0,1,train,P1,_P1_staging,candidate_full_fallback,"-500.6448,-18188207.6317,13521523.1416,-65131.804","-500.6448,-18188207.6317,13521523.1416,-65131.804","0.0,0.0,6622.0,9362.0",6622,9362,4607,datas/qa_and_png/P1_oda_output/电气主接线.png,True,discarded_tiny_panels=1,reject,,True,False,False,panel_review_reject
_P2_staging/02052D修-9   35kV进线及母联保护屏1BP接线端子图#panel_000,_P2_staging/02052D修-9   35kV进线及母联保护屏1BP接线端子图,02052D修-9   35kV进线及母联保护屏1BP接线端子图,datas/qa_and_png/P2_oda_output/02052D修-9   35kV进线及母联保护屏1BP接线端子图.png,datas/raw_json/_P2_staging/02052D修-9   35kV进线及母联保护屏1BP接线端子图.json,0,1,train,P2,_P2_staging,candidate_full_fallback,"-689157.9796,105.2602,1310916.5435,2002615.3032","-689157.9796,105.2602,1310916.5435,2002615.3032","0.0,0.0,6622.0,9362.0",6622,9362,959,datas/qa_and_png/P2_oda_output/02052D修-9   35kV进线及母联保护屏1BP接线端子图.png,True,discarded_tiny_panels=2,reject,,True,False,False,panel_review_reject
_P2_staging/057 220KV继电器楼ups配电柜a段馈线接线图#panel_000,_P2_staging/057 220KV继电器楼ups配电柜a段馈线接线图,057 220KV继电器楼ups配电柜a段馈线接线图,datas/qa_and_png/P2_oda_output/057 220KV继电器楼ups配电柜a段馈线接线图.png,datas/raw_json/_P2_staging/057 220KV继电器楼ups配电柜a段馈线接线图.json,0,1,train,P2,_P2_staging,candidate_full_fallback,"-6161694.8959,757862.4661,-3059444.4113,1518793.3671","-6161694.8959,757862.4661,-3059444.4113,1518793.3671","0.0,0.0,9362.0,6622.0",9362,6622,2402,datas/qa_and_png/P2_oda_output/057 220KV继电器楼ups配电柜a段馈线接线图.png,True,discarded_tiny_panels=2,reject,,True,False,False,panel_review_reject
_P2_staging/058 220KV继电器楼ups配电柜b段馈线接线图#panel_000,_P2_staging/058 220KV继电器楼ups配电柜b段馈线接线图,058 220KV继电器楼ups配电柜b段馈线接线图,datas/qa_and_png/P2_oda_output/058 220KV继电器楼ups配电柜b段馈线接线图.png,datas/raw_json/_P2_staging/058 220KV继电器楼ups配电柜b段馈线接线图.json,0,1,train,P2,_P2_staging,candidate_full_fallback,"-6161694.8959,757862.4661,-3059444.4113,1518793.3671","-6161694.8959,757862.4661,-3059444.4113,1518793.3671","0.0,0.0,9362.0,6622.0",9362,6622,2408,datas/qa_and_png/P2_oda_output/058 220KV继电器楼ups配电柜b段馈线接线图.png,True,discarded_tiny_panels=2,reject,,True,False,False,panel_review_reject
_P2_staging/10KV变电所继电保护二次接线图#panel_000,_P2_staging/10KV变电所继电保护二次接线图,10KV变电所继电保护二次接线图,datas/qa_and_png/P2_oda_output/10KV变电所继电保护二次接线图.png,datas/raw_json/_P2_staging/10KV变电所继电保护二次接线图.json,0,2,val,P2,_P2_staging,image_components,"463.0213,976.749,2466.2794,2013.6007","455.2957,361.2145,7688.0387,2629.4777","10.0,1798.0,2603.0,4825.0",9362,6622,9411,outputs/panels/P2/P2_staging__10KV变电所继电保护二次接线图__panel_000.png,True,,reject,,True,False,False,panel_review_reject
_P2_staging/10KV变电所继电保护二次接线图#panel_001,_P2_staging/10KV变电所继电保护二次接线图,10KV变电所继电保护二次接线图,datas/qa_and_png/P2_oda_output/10KV变电所继电保护二次接线图.png,datas/raw_json/_P2_staging/10KV变电所继电保护二次接线图.json,1,2,val,P2,_P2_staging,image_components,"5000.2889,976.749,7688.0387,2013.6007","455.2957,361.2145,7688.0387,2629.4777","5883.0,1798.0,9362.0,4825.0",9362,6622,11371,outputs/panels/P2/P2_staging__10KV变电所继电保护二次接线图__panel_001.png,True,,reject,,True,False,False,panel_review_reject
_P2_staging/1B1变电所低压系统#panel_000,_P2_staging/1B1变电所低压系统,1B1变电所低压系统,datas/qa_and_png/P2_oda_output/1B1变电所低压系统.png,datas/raw_json/_P2_staging/1B1变电所低压系统.json,0,1,train,P2,_P2_staging,full,"95321.7485,-473622.3462,254580.4622,-424402.2365","95321.7485,-473622.3462,254580.4622,-424402.2365","0.0,0.0,9362.0,6622.0",9362,6622,583,datas/qa_and_png/P2_oda_output/1B1变电所低压系统.png,False,,,,False,True,False,parent_visible_watermark
_P2_staging/1B2变电所低压系统#panel_000,_P2_staging/1B2变电所低压系统,1B2变电所低压系统,datas/qa_and_png/P2_oda_output/1B2变电所低压系统.png,datas/raw_json/_P2_staging/1B2变电所低压系统.json,0,1,train,P2,_P2_staging,full,"46615.602,-481716.4082,148502.7741,-429807.82","46615.602,-481716.4082,148502.7741,-429807.82","0.0,0.0,9362.0,6622.0",9362,6622,998,datas/qa_and_png/P2_oda_output/1B2变电所低压系统.png,False,,,,False,True,False,parent_visible_watermark
_P2_staging/35KV变电所设计#panel_002,_P2_staging/35KV变电所设计,35KV变电所设计,datas/qa_and_png/P2_oda_output/35KV变电所设计.png,datas/raw_json/_P2_staging/35KV变电所设计.json,2,4,train,P2,_P2_staging,image_components,"121211.369,-14264.2846,152426.8811,17473.4721","-132.4409,-107047.666,220926.2764,34099.0263","5139.0,780.0,6461.0,2269.0",9362,6622,0,outputs/panels/P2/P2_staging__35KV变电所设计__panel_002.png,True,,reject,,True,False,False,panel_review_reject
_P2_staging/35KV变电所设计#panel_003,_P2_staging/35KV变电所设计,35KV变电所设计,datas/qa_and_png/P2_oda_output/35KV变电所设计.png,datas/raw_json/_P2_staging/35KV变电所设计.json,3,4,train,P2,_P2_staging,image_components,"134127.3184,-81789.6125,198589.0038,-67061.0767","-132.4409,-107047.666,220926.2764,34099.0263","5686.0,4746.0,8416.0,5437.0",9362,6622,0,outputs/panels/P2/P2_staging__35KV变电所设计__panel_003.png,True,,reject,,True,False,False,panel_review_reject
_P2_staging/35KV变电所设计(1)#panel_000,_P2_staging/35KV变电所设计(1),35KV变电所设计(1),datas/qa_and_png/P2_oda_output/35KV变电所设计(1).png,datas/raw_json/_P2_staging/35KV变电所设计(1).json,0,2,train,P2,_P2_staging,image_components,"-132.4409,-107047.666,220926.2764,34099.0263","-132.4409,-107047.666,220926.2764,34099.0263","0.0,0.0,9362.0,6622.0",9362,6622,630,outputs/panels/P2/P2_staging__35KV变电所设计(1)__panel_000.png,True,,reject,,True,False,False,panel_review_reject
_P2_staging/35KV变电所设计(1)#panel_001,_P2_staging/35KV变电所设计(1),35KV变电所设计(1),datas/qa_and_png/P2_oda_output/35KV变电所设计(1).png,datas/raw_json/_P2_staging/35KV变电所设计(1).json,1,2,train,P2,_P2_staging,image_components,"41425.2757,-81938.8162,117197.2714,16024.0648","-132.4409,-107047.666,220926.2764,34099.0263","1760.0,848.0,4969.0,5444.0",9362,6622,12,outputs/panels/P2/P2_staging__35KV变电所设计(1)__panel_001.png,True,,reject,,True,False,False,panel_review_reject
_P2_staging/35KV变电所设计(2)#panel_001,_P2_staging/35KV变电所设计(2),35KV变电所设计(2),datas/qa_and_png/P2_oda_output/35KV变电所设计(2).png,datas/raw_json/_P2_staging/35KV变电所设计(2).json,1,4,train,P2,_P2_staging,image_components,"109405.1995,-16054.7289,145036.219,11185.6022","-132.4409,-107047.666,220926.2764,34099.0263","4639.0,1075.0,6148.0,2353.0",9362,6622,0,outputs/panels/P2/P2_staging__35KV变电所设计(2)__panel_001.png,True,,reject,,True,False,False,panel_review_reject
_P2_staging/35KV变电所设计(2)#panel_002,_P2_staging/35KV变电所设计(2),35KV变电所设计(2),datas/qa_and_png/P2_oda_output/35KV变电所设计(2).png,datas/raw_json/_P2_staging/35KV变电所设计(2).json,2,4,train,P2,_P2_staging,image_components,"161328.7329,-16054.7289,197384.7745,11185.6022","-132.4409,-107047.666,220926.2764,34099.0263","6838.0,1075.0,8365.0,2353.0",9362,6622,0,outputs/panels/P2/P2_staging__35KV变电所设计(2)__panel_002.png,True,,reject,,True,False,False,panel_review_reject
_P2_staging/35KV变电所设计(2)#panel_003,_P2_staging/35KV变电所设计(2),35KV变电所设计(2),datas/qa_and_png/P2_oda_output/35KV变电所设计(2).png,datas/raw_json/_P2_staging/35KV变电所设计(2).json,3,4,train,P2,_P2_staging,image_components,"133631.4593,-81853.557,216699.6678,-57085.7441","-132.4409,-107047.666,220926.2764,34099.0263","5665.0,4278.0,9183.0,5440.0",9362,6622,0,outputs/panels/P2/P2_staging__35KV变电所设计(2)__panel_003.png,True,,reject,,True,False,False,panel_review_reject
_P2_staging/35KV变电所设计(3)#panel_002,_P2_staging/35KV变电所设计(3),35KV变电所设计(3),datas/qa_and_png/P2_oda_output/35KV变电所设计(3).png,datas/raw_json/_P2_staging/35KV变电所设计(3).json,2,3,train,P2,_P2_staging,image_components,"133867.5827,-71814.28,198305.6557,-57085.7441","-132.4409,-107047.666,220926.2764,34099.0263","5675.0,4278.0,8404.0,4969.0",9362,6622,0,outputs/panels/P2/P2_staging__35KV变电所设计(3)__panel_002.png,True,,reject,,True,False,False,panel_review_reject
_P2_staging/35kV配电一次图#panel_000,_P2_staging/35kV配电一次图,35kV配电一次图,datas/qa_and_png/P2_oda_output/35kV配电一次图.png,datas/raw_json/_P2_staging/35kV配电一次图.json,0,1,train,P2,_P2_staging,candidate_full_fallback,"-79233.5075,-106867.4671,3573.9075,1758.8413","-79233.5075,-106867.4671,3573.9075,1758.8413","0.0,0.0,9362.0,6622.0",9362,6622,2425,datas/qa_and_png/P2_oda_output/35kV配电一次图.png,True,discarded_tiny_panels=2,reject,,True,False,False,panel_review_reject
_P2_staging/35kv高压配电室电缆沟平面图#panel_000,_P2_staging/35kv高压配电室电缆沟平面图,35kv高压配电室电缆沟平面图,datas/qa_and_png/P2_oda_output/35kv高压配电室电缆沟平面图.png,datas/raw_json/_P2_staging/35kv高压配电室电缆沟平面图.json,0,1,train,P2,_P2_staging,full,"-429719.6724,187509.0265,-351656.4677,241524.0092","-429719.6724,187509.0265,-351656.4677,241524.0092","0.0,0.0,9362.0,6622.0",9362,6622,1031,datas/qa_and_png/P2_oda_output/35kv高压配电室电缆沟平面图.png,False,,,,False,True,False,parent_visible_watermark
_P2_staging/SGT-变电所DLXT#panel_000,_P2_staging/SGT-变电所DLXT,SGT-变电所DLXT,datas/qa_and_png/P2_oda_output/SGT-变电所DLXT.png,datas/raw_json/_P2_staging/SGT-变电所DLXT.json,0,2,test,P2,_P2_staging,image_components,"-265029.4127,-350061.6583,7702.6795,-196064.9362","-265029.4127,-494645.3778,341747.6423,-138457.3604","0.0,1071.0,4208.0,3934.0",9362,6622,1330,outputs/panels/P2/P2_staging__SGT-变电所DLXT__panel_000.png,True,,reject,,True,False,False,panel_review_reject
_P2_staging/中心变电站#panel_000,_P2_staging/中心变电站,中心变电站,datas/qa_and_png/P2_oda_output/中心变电站.png,datas/raw_json/_P2_staging/中心变电站.json,0,1,train,P2,_P2_staging,full,"-6665962.3442,-14486818.0993,55306627.7069,36883833.2552","-6665962.3442,-14486818.0993,55306627.7069,36883833.2552","0.0,0.0,9362.0,6622.0",9362,6622,11091,datas/qa_and_png/P2_oda_output/中心变电站.png,False,,,,False,True,False,parent_visible_watermark
_P2_staging/体育场变电所电气平面图#panel_000,_P2_staging/体育场变电所电气平面图,体育场变电所电气平面图,datas/qa_and_png/P2_oda_output/体育场变电所电气平面图.png,datas/raw_json/_P2_staging/体育场变电所电气平面图.json,0,1,test,P2,_P2_staging,full,"-788400.2734,-674814.2869,1574602.2833,341869.998","-788400.2734,-674814.2869,1574602.2833,341869.998","0.0,0.0,9362.0,6622.0",9362,6622,21732,datas/qa_and_png/P2_oda_output/体育场变电所电气平面图.png,False,,,,False,True,False,parent_visible_watermark
_P2_staging/变电所全套图纸wm666.taobao.com#panel_000,_P2_staging/变电所全套图纸wm666.taobao.com,变电所全套图纸wm666.taobao.com,datas/qa_and_png/P2_oda_output/变电所全套图纸wm666.taobao.com.png,datas/raw_json/_P2_staging/变电所全套图纸wm666.taobao.com.json,0,9,train,P2,_P2_staging,image_components,"-440378.27,-202704.4262,582012.4386,94603.476","-440378.27,-238123.3777,582012.4386,130078.0303","0.0,638.0,9362.0,5985.0",9362,6622,6818,outputs/panels/P2/P2_staging__变电所全套图纸wm666.taobao.com__panel_000.png,True,,reject,,True,False,False,panel_review_reject
_P2_staging/变电所全套图纸wm666.taobao.com#panel_002,_P2_staging/变电所全套图纸wm666.taobao.com,变电所全套图纸wm666.taobao.com,datas/qa_and_png/P2_oda_output/变电所全套图纸wm666.taobao.com.png,datas/raw_json/_P2_staging/变电所全套图纸wm666.taobao.com.json,2,9,train,P2,_P2_staging,image_components,"-207331.7231,34218.8899,35980.2294,87875.5433","-440378.27,-238123.3777,582012.4386,130078.0303","2134.0,759.0,4362.0,1724.0",9362,6622,0,outputs/panels/P2/P2_staging__变电所全套图纸wm666.taobao.com__panel_002.png,True,,reject,,True,False,False,panel_review_reject
_P2_staging/变电所全套图纸wm666.taobao.com#panel_007,_P2_staging/变电所全套图纸wm666.taobao.com,变电所全套图纸wm666.taobao.com,datas/qa_and_png/P2_oda_output/变电所全套图纸wm666.taobao.com.png,datas/raw_json/_P2_staging/变电所全套图纸wm666.taobao.com.json,7,9,train,P2,_P2_staging,image_components,"-409909.6727,-182965.4501,-295679.7346,-106066.8474","-440378.27,-238123.3777,582012.4386,130078.0303","279.0,4247.0,1325.0,5630.0",9362,6622,3763,outputs/panels/P2/P2_staging__变电所全套图纸wm666.taobao.com__panel_007.png,True,,reject,,True,False,False,panel_review_reject
_P2_staging/变电所平面布置图__473#panel_000,_P2_staging/变电所平面布置图__473,变电所平面布置图__473,datas/qa_and_png/P2_oda_output/变电所平面布置图__473.png,datas/raw_json/_P2_staging/变电所平面布置图__473.json,0,1,train,P2,_P2_staging,full,"231527.8843,-21046.8558,501498.4221,181593.9544","231527.8843,-21046.8558,501498.4221,181593.9544","0.0,0.0,9362.0,6622.0",9362,6622,1005,datas/qa_and_png/P2_oda_output/变电所平面布置图__473.png,False,,,,False,True,False,parent_visible_watermark
_P2_staging/变电站构架支架3d图#panel_000,_P2_staging/变电站构架支架3d图,变电站构架支架3d图,datas/qa_and_png/P2_oda_output/变电站构架支架3d图.png,datas/raw_json/_P2_staging/变电站构架支架3d图.json,0,2,train,P2,_P2_staging,cad_gap,"-89999.1039,9947.5551,-21659.1039,84420.4162","-89999.1039,-73360.2725,110480.4799,129911.7795","0.0,1482.0,3191.0,3908.0",9362,6622,97,outputs/panels/P2/P2_staging__变电站构架支架3d图__panel_000.png,True,,reject,,True,False,False,panel_review_reject
_P2_staging/变电站构架支架3d图#panel_001,_P2_staging/变电站构架支架3d图,变电站构架支架3d图,datas/qa_and_png/P2_oda_output/变电站构架支架3d图.png,datas/raw_json/_P2_staging/变电站构架支架3d图.json,1,2,train,P2,_P2_staging,cad_gap,"14304.008,-73360.2725,110480.4799,129911.7795","-89999.1039,-73360.2725,110480.4799,129911.7795","4871.0,0.0,9362.0,6622.0",9362,6622,1206,outputs/panels/P2/P2_staging__变电站构架支架3d图__panel_001.png,True,,reject,,True,False,False,panel_review_reject
_P2_staging/某厂房变电所平面#panel_000,_P2_staging/某厂房变电所平面,某厂房变电所平面,datas/qa_and_png/P2_oda_output/某厂房变电所平面.png,datas/raw_json/_P2_staging/某厂房变电所平面.json,0,2,train,P2,_P2_staging,image_components,"3033.4215,-86454.0847,242021.043,6708.2453","491.0,-322991.6615,793896.0045,199822.7022","30.0,2446.0,2850.0,3626.0",9362,6622,0,outputs/panels/P2/P2_staging__某厂房变电所平面__panel_000.png,True,,reject,,True,False,False,panel_review_reject
_P2_staging/某厂房变电所平面wm666.taobao.com#panel_000,_P2_staging/某厂房变电所平面wm666.taobao.com,某厂房变电所平面wm666.taobao.com,datas/qa_and_png/P2_oda_output/某厂房变电所平面wm666.taobao.com.png,datas/raw_json/_P2_staging/某厂房变电所平面wm666.taobao.com.json,0,2,train,P2,_P2_staging,image_components,"3033.4215,-86454.0847,242021.043,6708.2453","491.0,-322991.6615,793896.0045,199822.7022","30.0,2446.0,2850.0,3626.0",9362,6622,0,outputs/panels/P2/P2_staging__某厂房变电所平面wm666.taobao.com__panel_000.png,True,,reject,,True,False,False,panel_review_reject
_P2_staging/欧式箱式变电站基础#panel_000,_P2_staging/欧式箱式变电站基础,欧式箱式变电站基础,datas/qa_and_png/P2_oda_output/欧式箱式变电站基础.png,datas/raw_json/_P2_staging/欧式箱式变电站基础.json,0,1,train,P2,_P2_staging,candidate_full_fallback,"-286957.8242,-184953.0931,193625.4057,873.0923","-286957.8242,-184953.0931,193625.4057,873.0923","0.0,0.0,9362.0,6622.0",9362,6622,2299,datas/qa_and_png/P2_oda_output/欧式箱式变电站基础.png,True,discarded_tiny_panels=1,reject,,True,False,False,panel_review_reject
_P2_staging/电站、变电所电气及设备04#panel_000,_P2_staging/电站、变电所电气及设备04,电站、变电所电气及设备04,datas/qa_and_png/P2_oda_output/电站、变电所电气及设备04.png,datas/raw_json/_P2_staging/电站、变电所电气及设备04.json,0,5,train,P2,_P2_staging,image_components,"728107.5191,-478126.7508,1090039.2166,-154778.5001","-113295.3622,-1752938.8422,2013334.3631,137870.8536","2620.0,1449.0,3747.0,3050.0",6622,9362,1,outputs/panels/P2/P2_staging__电站、变电所电气及设备04__panel_000.png,True,,reject,,True,False,False,panel_review_reject
_P2_staging/电站、变电所电气及设备04#panel_001,_P2_staging/电站、变电所电气及设备04,电站、变电所电气及设备04,datas/qa_and_png/P2_oda_output/电站、变电所电气及设备04.png,datas/raw_json/_P2_staging/电站、变电所电气及设备04.json,1,5,train,P2,_P2_staging,image_components,"1189915.6655,-483579.8443,1551847.3629,-160029.6272","-113295.3622,-1752938.8422,2013334.3631,137870.8536","4058.0,1475.0,5185.0,3077.0",6622,9362,0,outputs/panels/P2/P2_staging__电站、变电所电气及设备04__panel_001.png,True,,reject,,True,False,False,panel_review_reject
_P2_staging/电站、变电所电气及设备04#panel_002,_P2_staging/电站、变电所电气及设备04,电站、变电所电气及设备04,datas/qa_and_png/P2_oda_output/电站、变电所电气及设备04.png,datas/raw_json/_P2_staging/电站、变电所电气及设备04.json,2,5,train,P2,_P2_staging,image_components,"1204367.2417,-834799.4621,1565977.793,-509431.5471","-113295.3622,-1752938.8422,2013334.3631,137870.8536","4103.0,3205.0,5229.0,4816.0",6622,9362,0,outputs/panels/P2/P2_staging__电站、变电所电气及设备04__panel_002.png,True,,reject,,True,False,False,panel_review_reject
_P2_staging/电站、变电所电气及设备04#panel_003,_P2_staging/电站、变电所电气及设备04,电站、变电所电气及设备04,datas/qa_and_png/P2_oda_output/电站、变电所电气及设备04.png,datas/raw_json/_P2_staging/电站、变电所电气及设备04.json,3,5,train,P2,_P2_staging,image_components,"310617.5398,-839242.7235,672549.2373,-514076.7749","-113295.3622,-1752938.8422,2013334.3631,137870.8536","1320.0,3228.0,2447.0,4838.0",6622,9362,0,outputs/panels/P2/P2_staging__电站、变电所电气及设备04__panel_003.png,True,,reject,,True,False,False,panel_review_reject
_P2_staging/电站、变电所电气及设备13#panel_000,_P2_staging/电站、变电所电气及设备13,电站、变电所电气及设备13,datas/qa_and_png/P2_oda_output/电站、变电所电气及设备13.png,datas/raw_json/_P2_staging/电站、变电所电气及设备13.json,0,8,train,P2,_P2_staging,image_components,"-440378.27,-202704.4262,582012.4386,94603.476","-440378.27,-238123.3777,582012.4386,130078.0303","0.0,638.0,9362.0,5985.0",9362,6622,6818,outputs/panels/P2/P2_staging__电站、变电所电气及设备13__panel_000.png,True,,reject,,True,False,False,panel_review_reject
_P2_staging/电站、变电所电气及设备13#panel_006,_P2_staging/电站、变电所电气及设备13,电站、变电所电气及设备13,datas/qa_and_png/P2_oda_output/电站、变电所电气及设备13.png,datas/raw_json/_P2_staging/电站、变电所电气及设备13.json,6,8,train,P2,_P2_staging,image_components,"-409909.6727,-182965.4501,-295679.7346,-106066.8474","-440378.27,-238123.3777,582012.4386,130078.0303","279.0,4247.0,1325.0,5630.0",9362,6622,3762,outputs/panels/P2/P2_staging__电站、变电所电气及设备13__panel_006.png,True,,reject,,True,False,False,panel_review_reject
_P3_staging_batch1/10KV开闭所二次原理图#panel_000,_P3_staging_batch1/10KV开闭所二次原理图,10KV开闭所二次原理图,datas/qa_and_png/P3_oda_output/10KV开闭所二次原理图.png,datas/raw_json/_P3_staging_batch1/10KV开闭所二次原理图.json,0,2,train,P3,_P3_staging_batch1,cad_gap,"-300.0,-3062.7335,130233.5189,60432.6544","-300.0,-143375.4758,560907.185,60432.6544","0.0,0.0,2178.0,2063.0",9362,6622,3943,outputs/panels/P3/P3_staging_batch1__10KV开闭所二次原理图__panel_000.png,True,,reject,,True,False,False,panel_review_reject
_P3_staging_batch1/10KV开闭所二次原理图#panel_001,_P3_staging_batch1/10KV开闭所二次原理图,10KV开闭所二次原理图,datas/qa_and_png/P3_oda_output/10KV开闭所二次原理图.png,datas/raw_json/_P3_staging_batch1/10KV开闭所二次原理图.json,1,2,train,P3,_P3_staging_batch1,cad_gap,"291125.192,-143375.4758,560907.185,-49386.7258","-300.0,-143375.4758,560907.185,60432.6544","4862.0,3568.0,9362.0,6622.0",9362,6622,13390,outputs/panels/P3/P3_staging_batch1__10KV开闭所二次原理图__panel_001.png,True,,reject,,True,False,False,panel_review_reject
_P3_staging_batch1/11(RCS-9661B背面接线图(四))#panel_000,_P3_staging_batch1/11(RCS-9661B背面接线图(四)),11(RCS-9661B背面接线图(四)),datas/qa_and_png/P3_oda_output/11(RCS-9661B背面接线图(四)).png,datas/raw_json/_P3_staging_batch1/11(RCS-9661B背面接线图(四)).json,0,3,val,P3,_P3_staging_batch1,image_components,"11.759,0.0,362.7291,245.361","-0.0,0.0,374.4481,245.361","294.0,0.0,9069.0,6622.0",9362,6622,510,outputs/panels/P3/P3_staging_batch1__11(RCS-9661B背面接线图(四))__panel_000.png,True,,reject,,True,False,False,panel_review_reject
_P3_staging_batch1/11(RCS-9661B背面接线图(四))#panel_002,_P3_staging_batch1/11(RCS-9661B背面接线图(四)),11(RCS-9661B背面接线图(四)),datas/qa_and_png/P3_oda_output/11(RCS-9661B背面接线图(四)).png,datas/raw_json/_P3_staging_batch1/11(RCS-9661B背面接线图(四)).json,2,3,val,P3,_P3_staging_batch1,image_components,"45.1961,57.5424,273.3367,109.8604","-0.0,0.0,374.4481,245.361","1130.0,3657.0,6834.0,5069.0",9362,6622,139,outputs/panels/P3/P3_staging_batch1__11(RCS-9661B背面接线图(四))__panel_002.png,True,,,,False,False,False,panel_review_reject
_P3_staging_batch1/毕棚沟3#机保护表计单线图 2#panel_000,_P3_staging_batch1/毕棚沟3#机保护表计单线图 2,毕棚沟3#机保护表计单线图 2,datas/qa_and_png/P3_oda_output/毕棚沟3#机保护表计单线图 2.png,datas/raw_json/_P3_staging_batch1/毕棚沟3#机保护表计单线图 2.json,0,3,test,P3,_P3_staging_batch1,image_components,"185.6121,-200.1544,932.5503,352.868","146.2215,-231.2753,962.0932,383.7102","452.0,332.0,9023.0,6285.0",9362,6620,1163,outputs/panels/P3/P3_staging_batch1__毕棚沟3#机保护表计单线图_2__panel_000.png,True,,reject,,True,False,False,panel_review_reject
_P3_staging_batch1/毕棚沟3#机保护表计单线图 2#panel_001,_P3_staging_batch1/毕棚沟3#机保护表计单线图 2,毕棚沟3#机保护表计单线图 2,datas/qa_and_png/P3_oda_output/毕棚沟3#机保护表计单线图 2.png,datas/raw_json/_P3_staging_batch1/毕棚沟3#机保护表计单线图 2.json,1,3,test,P3,_P3_staging_batch1,image_components,"215.3292,-187.3345,920.2626,340.0481","146.2215,-231.2753,962.0932,383.7102","793.0,470.0,8882.0,6147.0",9362,6620,1139,outputs/panels/P3/P3_staging_batch1__毕棚沟3#机保护表计单线图_2__panel_001.png,True,,reject,,True,False,False,panel_review_reject
_P3_staging_batch1/毕棚沟3#机保护表计单线图 2#panel_002,_P3_staging_batch1/毕棚沟3#机保护表计单线图 2,毕棚沟3#机保护表计单线图 2,datas/qa_and_png/P3_oda_output/毕棚沟3#机保护表计单线图 2.png,datas/raw_json/_P3_staging_batch1/毕棚沟3#机保护表计单线图 2.json,2,3,test,P3,_P3_staging_batch1,image_components,"270.9291,-159.1864,702.3947,311.1568","146.2215,-231.2753,962.0932,383.7102","1431.0,781.0,6382.0,5844.0",9362,6620,919,outputs/panels/P3/P3_staging_batch1__毕棚沟3#机保护表计单线图_2__panel_002.png,True,,reject,,True,False,False,panel_review_reject
_P3_staging_batch1/毕棚沟3#机厂用电接线图 7#panel_000,_P3_staging_batch1/毕棚沟3#机厂用电接线图 7,毕棚沟3#机厂用电接线图 7,datas/qa_and_png/P3_oda_output/毕棚沟3#机厂用电接线图 7.png,datas/raw_json/_P3_staging_batch1/毕棚沟3#机厂用电接线图 7.json,0,2,train,P3,_P3_staging_batch1,cad_gap,"63.2861,-87.7552,478.7731,274.8788","63.2861,-87.7552,659.2776,274.8788","0.0,0.0,6527.0,6622.0",9362,6622,789,outputs/panels/P3/P3_staging_batch1__毕棚沟3#机厂用电接线图_7__panel_000.png,True,,reject,,True,False,False,panel_review_reject
_P3_staging_batch1/毕棚沟3#机厂用电接线图 7#panel_001,_P3_staging_batch1/毕棚沟3#机厂用电接线图 7,毕棚沟3#机厂用电接线图 7,datas/qa_and_png/P3_oda_output/毕棚沟3#机厂用电接线图 7.png,datas/raw_json/_P3_staging_batch1/毕棚沟3#机厂用电接线图 7.json,1,2,train,P3,_P3_staging_batch1,cad_gap,"535.4676,12.7652,659.2776,232.9755","63.2861,-87.7552,659.2776,274.8788","7417.0,765.0,9362.0,4786.0",9362,6622,264,outputs/panels/P3/P3_staging_batch1__毕棚沟3#机厂用电接线图_7__panel_001.png,True,,reject,,True,False,False,panel_review_reject
_P3_staging_batch2/发-变组保护测量配置图#panel_004,_P3_staging_batch2/发-变组保护测量配置图,发-变组保护测量配置图,datas/qa_and_png/P3_oda_output/发-变组保护测量配置图.png,datas/raw_json/_P3_staging_batch2/发-变组保护测量配置图.json,4,7,test,P3,_P3_staging_batch2,image_components,"1564.7854,1567.748,1877.599,2299.4722","-333.2039,-135.596,3618.9704,2711.3358","4496.0,958.0,5237.0,2660.0",9362,6622,0,outputs/panels/P3/P3_staging_batch2__发-变组保护测量配置图__panel_004.png,True,,reject,,True,False,False,panel_review_reject
_P3_staging_batch2/发-变组保护测量配置图#panel_005,_P3_staging_batch2/发-变组保护测量配置图,发-变组保护测量配置图,datas/qa_and_png/P3_oda_output/发-变组保护测量配置图.png,datas/raw_json/_P3_staging_batch2/发-变组保护测量配置图.json,5,7,test,P3,_P3_staging_batch2,image_components,"1827.7852,1569.0377,2327.6116,2283.1352","-333.2039,-135.596,3618.9704,2711.3358","5119.0,996.0,6303.0,2657.0",9362,6622,0,outputs/panels/P3/P3_staging_batch2__发-变组保护测量配置图__panel_005.png,True,,reject,,True,False,False,panel_review_reject
_P3_staging_batch2/发-变组保护测量配置图#panel_006,_P3_staging_batch2/发-变组保护测量配置图,发-变组保护测量配置图,datas/qa_and_png/P3_oda_output/发-变组保护测量配置图.png,datas/raw_json/_P3_staging_batch2/发-变组保护测量配置图.json,6,7,test,P3,_P3_staging_batch2,image_components,"1580.8271,191.1434,2234.3163,657.1769","-333.2039,-135.596,3618.9704,2711.3358","4534.0,4778.0,6082.0,5862.0",9362,6622,5,outputs/panels/P3/P3_staging_batch2__发-变组保护测量配置图__panel_006.png,True,,reject,,True,False,False,panel_review_reject
_P3_staging_batch3/#1所用变压器在微机保护柜上的端子排(B066-500-2115)wm666.taobao.com#panel_000,_P3_staging_batch3/#1所用变压器在微机保护柜上的端子排(B066-500-2115)wm666.taobao.com,#1所用变压器在微机保护柜上的端子排(B066-500-2115)wm666.taobao.com,datas/qa_and_png/P3_oda_output/#1所用变压器在微机保护柜上的端子排(B066-500-2115)wm666.taobao.com.png,datas/raw_json/_P3_staging_batch3/#1所用变压器在微机保护柜上的端子排(B066-500-2115)wm666.taobao.com.json,0,3,val,P3,_P3_staging_batch3,image_components,"57.0111,-42.7431,494.7145,237.7727","-24.7612,-348.5831,576.6153,237.7727","1273.0,0.0,8087.0,3168.0",9362,6622,372,outputs/panels/P3/P3_staging_batch3__#1所用变压器在微机保护柜上的端子排(B066-500-2115)wm666.taobao.com__panel_000.png,True,,reject,,True,False,False,panel_review_reject
_P3_staging_batch3/#1所用变压器在微机保护柜上的端子排(B066-500-2115)wm666.taobao.com#panel_001,_P3_staging_batch3/#1所用变压器在微机保护柜上的端子排(B066-500-2115)wm666.taobao.com,#1所用变压器在微机保护柜上的端子排(B066-500-2115)wm666.taobao.com,datas/qa_and_png/P3_oda_output/#1所用变压器在微机保护柜上的端子排(B066-500-2115)wm666.taobao.com.png,datas/raw_json/_P3_staging_batch3/#1所用变压器在微机保护柜上的端子排(B066-500-2115)wm666.taobao.com.json,1,3,val,P3,_P3_staging_batch3,image_components,"101.3339,67.1433,426.3033,193.9421","-24.7612,-348.5831,576.6153,237.7727","1963.0,495.0,7022.0,1927.0",9362,6622,298,outputs/panels/P3/P3_staging_batch3__#1所用变压器在微机保护柜上的端子排(B066-500-2115)wm666.taobao.com__panel_001.png,True,,reject,,True,False,False,panel_review_reject
_P3_staging_batch3/#1所用变压器在微机保护柜上的端子排(B066-500-2115)wm666.taobao.com#panel_002,_P3_staging_batch3/#1所用变压器在微机保护柜上的端子排(B066-500-2115)wm666.taobao.com,#1所用变压器在微机保护柜上的端子排(B066-500-2115)wm666.taobao.com,datas/qa_and_png/P3_oda_output/#1所用变压器在微机保护柜上的端子排(B066-500-2115)wm666.taobao.com.png,datas/raw_json/_P3_staging_batch3/#1所用变压器在微机保护柜上的端子排(B066-500-2115)wm666.taobao.com.json,2,3,val,P3,_P3_staging_batch3,image_components,"59.3878,-348.5831,353.6525,-68.1559","-24.7612,-348.5831,576.6153,237.7727","1310.0,3455.0,5891.0,6622.0",9362,6622,337,outputs/panels/P3/P3_staging_batch3__#1所用变压器在微机保护柜上的端子排(B066-500-2115)wm666.taobao.com__panel_002.png,True,,reject,,True,False,False,panel_review_reject
_P3_staging_batch3/#1所用变有载调压装置接线图(B066-500-2109)wm666.taobao.com#panel_000,_P3_staging_batch3/#1所用变有载调压装置接线图(B066-500-2109)wm666.taobao.com,#1所用变有载调压装置接线图(B066-500-2109)wm666.taobao.com,datas/qa_and_png/P3_oda_output/#1所用变有载调压装置接线图(B066-500-2109)wm666.taobao.com.png,datas/raw_json/_P3_staging_batch3/#1所用变有载调压装置接线图(B066-500-2109)wm666.taobao.com.json,0,6,train,P3,_P3_staging_batch3,image_components,"-14.1176,-27.6212,179.3888,264.3921","-20.4872,-330.5651,370.0643,264.3921","108.0,0.0,3389.0,4595.0",6622,9362,147,outputs/panels/P3/P3_staging_batch3__#1所用变有载调压装置接线图(B066-500-2109)wm666.taobao.com__panel_000.png,True,,reject,,True,False,False,panel_review_reject
_P3_staging_batch3/#1所用变有载调压装置接线图(B066-500-2109)wm666.taobao.com#panel_001,_P3_staging_batch3/#1所用变有载调压装置接线图(B066-500-2109)wm666.taobao.com,#1所用变有载调压装置接线图(B066-500-2109)wm666.taobao.com,datas/qa_and_png/P3_oda_output/#1所用变有载调压装置接线图(B066-500-2109)wm666.taobao.com.png,datas/raw_json/_P3_staging_batch3/#1所用变有载调压装置接线图(B066-500-2109)wm666.taobao.com.json,1,6,train,P3,_P3_staging_batch3,image_components,"15.9022,170.0835,114.2773,241.2598","-20.4872,-330.5651,370.0643,264.3921","617.0,364.0,2285.0,1484.0",6622,9362,56,outputs/panels/P3/P3_staging_batch3__#1所用变有载调压装置接线图(B066-500-2109)wm666.taobao.com__panel_001.png,True,,reject,,True,False,False,panel_review_reject
_P3_staging_batch3/#1所用变有载调压装置接线图(B066-500-2109)wm666.taobao.com#panel_002,_P3_staging_batch3/#1所用变有载调压装置接线图(B066-500-2109)wm666.taobao.com,#1所用变有载调压装置接线图(B066-500-2109)wm666.taobao.com,datas/qa_and_png/P3_oda_output/#1所用变有载调压装置接线图(B066-500-2109)wm666.taobao.com.png,datas/raw_json/_P3_staging_batch3/#1所用变有载调压装置接线图(B066-500-2109)wm666.taobao.com.json,2,6,train,P3,_P3_staging_batch3,image_components,"11.7147,82.1936,156.2695,148.3493","-20.4872,-330.5651,370.0643,264.3921","546.0,1826.0,2997.0,2867.0",6622,9362,18,outputs/panels/P3/P3_staging_batch3__#1所用变有载调压装置接线图(B066-500-2109)wm666.taobao.com__panel_002.png,True,,reject,,True,False,False,panel_review_reject
_P3_staging_batch3/#1所用变有载调压装置接线图(B066-500-2109)wm666.taobao.com#panel_003,_P3_staging_batch3/#1所用变有载调压装置接线图(B066-500-2109)wm666.taobao.com,#1所用变有载调压装置接线图(B066-500-2109)wm666.taobao.com,datas/qa_and_png/P3_oda_output/#1所用变有载调压装置接线图(B066-500-2109)wm666.taobao.com.png,datas/raw_json/_P3_staging_batch3/#1所用变有载调压装置接线图(B066-500-2109)wm666.taobao.com.json,3,6,train,P3,_P3_staging_batch3,image_components,"-17.3024,-330.5651,366.9385,-38.6154","-20.4872,-330.5651,370.0643,264.3921","54.0,4768.0,6569.0,9362.0",6622,9362,147,outputs/panels/P3/P3_staging_batch3__#1所用变有载调压装置接线图(B066-500-2109)wm666.taobao.com__panel_003.png,True,,reject,,True,False,False,panel_review_reject
_P3_staging_batch3/#1所用变有载调压装置接线图(B066-500-2109)wm666.taobao.com#panel_004,_P3_staging_batch3/#1所用变有载调压装置接线图(B066-500-2109)wm666.taobao.com,#1所用变有载调压装置接线图(B066-500-2109)wm666.taobao.com,datas/qa_and_png/P3_oda_output/#1所用变有载调压装置接线图(B066-500-2109)wm666.taobao.com.png,datas/raw_json/_P3_staging_batch3/#1所用变有载调压装置接线图(B066-500-2109)wm666.taobao.com.json,4,6,train,P3,_P3_staging_batch3,image_components,"31.9441,-201.9395,130.3192,-130.7632","-20.4872,-330.5651,370.0643,264.3921","889.0,6218.0,2557.0,7338.0",6622,9362,77,outputs/panels/P3/P3_staging_batch3__#1所用变有载调压装置接线图(B066-500-2109)wm666.taobao.com__panel_004.png,True,,reject,,True,False,False,panel_review_reject
_P3_staging_batch3/#1所用变有载调压装置接线图(B066-500-2109)wm666.taobao.com#panel_005,_P3_staging_batch3/#1所用变有载调压装置接线图(B066-500-2109)wm666.taobao.com,#1所用变有载调压装置接线图(B066-500-2109)wm666.taobao.com,datas/qa_and_png/P3_oda_output/#1所用变有载调压装置接线图(B066-500-2109)wm666.taobao.com.png,datas/raw_json/_P3_staging_batch3/#1所用变有载调压装置接线图(B066-500-2109)wm666.taobao.com.json,5,6,train,P3,_P3_staging_batch3,image_components,"186.938,-201.8124,331.4928,-135.7202","-20.4872,-330.5651,370.0643,264.3921","3517.0,6296.0,5968.0,7336.0",6622,9362,27,outputs/panels/P3/P3_staging_batch3__#1所用变有载调压装置接线图(B066-500-2109)wm666.taobao.com__panel_005.png,True,,reject,,True,False,False,panel_review_reject
_P3_staging_batch3/D-05 #1发电机主回路电气接线图wm666.taobao.com#panel_000,_P3_staging_batch3/D-05 #1发电机主回路电气接线图wm666.taobao.com,D-05 #1发电机主回路电气接线图wm666.taobao.com,datas/qa_and_png/P3_oda_output/D-05 #1发电机主回路电气接线图wm666.taobao.com.png,datas/raw_json/_P3_staging_batch3/D-05 #1发电机主回路电气接线图wm666.taobao.com.json,0,1,val,P3,_P3_staging_batch3,candidate_full_fallback,"833.9606,-3845.8644,240435.4159,20555.3314","833.9606,-3845.8644,240435.4159,20555.3314","0.0,0.0,9362.0,6622.0",9362,6622,8460,datas/qa_and_png/P3_oda_output/D-05 #1发电机主回路电气接线图wm666.taobao.com.png,True,discarded_tiny_panels=2,reject,,True,False,False,panel_review_reject
_P3_staging_batch3/D-06 #2发电机主回路电气接线图wm666.taobao.com#panel_000,_P3_staging_batch3/D-06 #2发电机主回路电气接线图wm666.taobao.com,D-06 #2发电机主回路电气接线图wm666.taobao.com,datas/qa_and_png/P3_oda_output/D-06 #2发电机主回路电气接线图wm666.taobao.com.png,datas/raw_json/_P3_staging_batch3/D-06 #2发电机主回路电气接线图wm666.taobao.com.json,0,1,train,P3,_P3_staging_batch3,candidate_full_fallback,"833.9606,-3845.8644,240435.4159,20555.3314","833.9606,-3845.8644,240435.4159,20555.3314","0.0,0.0,9362.0,6622.0",9362,6622,8126,datas/qa_and_png/P3_oda_output/D-06 #2发电机主回路电气接线图wm666.taobao.com.png,True,discarded_tiny_panels=2,reject,,True,False,False,panel_review_reject
_P3_staging_batch3/D-07 #3发电机主回路电气接线图wm666.taobao.com#panel_000,_P3_staging_batch3/D-07 #3发电机主回路电气接线图wm666.taobao.com,D-07 #3发电机主回路电气接线图wm666.taobao.com,datas/qa_and_png/P3_oda_output/D-07 #3发电机主回路电气接线图wm666.taobao.com.png,datas/raw_json/_P3_staging_batch3/D-07 #3发电机主回路电气接线图wm666.taobao.com.json,0,1,train,P3,_P3_staging_batch3,candidate_full_fallback,"833.9606,-3845.8644,240435.4159,20555.3314","833.9606,-3845.8644,240435.4159,20555.3314","0.0,0.0,9362.0,6622.0",9362,6622,8127,datas/qa_and_png/P3_oda_output/D-07 #3发电机主回路电气接线图wm666.taobao.com.png,True,discarded_tiny_panels=2,reject,,True,False,False,panel_review_reject
_P3_staging_batch3/D-08 #4发电机主回路电气接线图wm666.taobao.com#panel_000,_P3_staging_batch3/D-08 #4发电机主回路电气接线图wm666.taobao.com,D-08 #4发电机主回路电气接线图wm666.taobao.com,datas/qa_and_png/P3_oda_output/D-08 #4发电机主回路电气接线图wm666.taobao.com.png,datas/raw_json/_P3_staging_batch3/D-08 #4发电机主回路电气接线图wm666.taobao.com.json,0,1,train,P3,_P3_staging_batch3,candidate_full_fallback,"833.9606,-3845.8644,240435.4159,20555.3314","833.9606,-3845.8644,240435.4159,20555.3314","0.0,0.0,9362.0,6622.0",9362,6622,8121,datas/qa_and_png/P3_oda_output/D-08 #4发电机主回路电气接线图wm666.taobao.com.png,True,discarded_tiny_panels=2,reject,,True,False,False,panel_review_reject
_P3_staging_batch3/PE14-3113S 木渎金枫路架空入地10KV电缆工程#panel_000,_P3_staging_batch3/PE14-3113S 木渎金枫路架空入地10KV电缆工程,PE14-3113S 木渎金枫路架空入地10KV电缆工程,datas/qa_and_png/P3_oda_output/PE14-3113S 木渎金枫路架空入地10KV电缆工程.png,datas/raw_json/_P3_staging_batch3/PE14-3113S 木渎金枫路架空入地10KV电缆工程.json,0,1,train,P3,_P3_staging_batch3,candidate_full_fallback,"-58216.4806,0.0,64960.7599,4.856672230564337e+83","-58216.4806,0.0,64960.7599,4.856672230564337e+83","0.0,0.0,9362.0,6619.0",9362,6619,22144,datas/qa_and_png/P3_oda_output/PE14-3113S 木渎金枫路架空入地10KV电缆工程.png,True,discarded_tiny_panels=1,reject,,True,False,False,panel_review_reject
_P3_staging_batch3/大型小区10KV变配电工程全套施工图纸（系统图、完整大样图）wm666.taobao.com#panel_000,_P3_staging_batch3/大型小区10KV变配电工程全套施工图纸（系统图、完整大样图）wm666.taobao.com,大型小区10KV变配电工程全套施工图纸（系统图、完整大样图）wm666.taobao.com,datas/qa_and_png/P3_oda_output/大型小区10KV变配电工程全套施工图纸（系统图、完整大样图）wm666.taobao.com.png,datas/raw_json/_P3_staging_batch3/大型小区10KV变配电工程全套施工图纸（系统图、完整大样图）wm666.taobao.com.json,0,1,train,P3,_P3_staging_batch3,candidate_full_fallback,"-9146195.4737,-6523020.9864,10561984.797,12137089.6849","-9146195.4737,-6523020.9864,10561984.797,12137089.6849","0.0,0.0,6622.0,9362.0",6622,9362,74988,datas/qa_and_png/P3_oda_output/大型小区10KV变配电工程全套施工图纸（系统图、完整大样图）wm666.taobao.com.png,True,discarded_tiny_panels=2,reject,,True,False,False,panel_review_reject
_P3_staging_batch3/电缆沟断面图wm666.taobao.com#panel_000,_P3_staging_batch3/电缆沟断面图wm666.taobao.com,电缆沟断面图wm666.taobao.com,datas/qa_and_png/P3_oda_output/电缆沟断面图wm666.taobao.com.png,datas/raw_json/_P3_staging_batch3/电缆沟断面图wm666.taobao.com.json,0,2,train,P3,_P3_staging_batch3,cad_gap,"-17353.4956,-13103.7583,297446.9496,21741.4311","-227652.621,-13103.7583,297446.9496,178931.4658","3749.0,5420.0,9362.0,6622.0",9362,6622,12754,outputs/panels/P3/P3_staging_batch3__电缆沟断面图wm666.taobao.com__panel_000.png,True,,reject,,True,False,False,panel_review_reject
_P3_staging_batch3/电缆沟断面图wm666.taobao.com#panel_001,_P3_staging_batch3/电缆沟断面图wm666.taobao.com,电缆沟断面图wm666.taobao.com,datas/qa_and_png/P3_oda_output/电缆沟断面图wm666.taobao.com.png,datas/raw_json/_P3_staging_batch3/电缆沟断面图wm666.taobao.com.json,1,2,train,P3,_P3_staging_batch3,cad_gap,"-227652.621,60562.7814,286214.1954,178931.4658","-227652.621,-13103.7583,297446.9496,178931.4658","0.0,0.0,9162.0,4082.0",9362,6622,515,outputs/panels/P3/P3_staging_batch3__电缆沟断面图wm666.taobao.com__panel_001.png,True,,reject,,True,False,False,panel_review_reject
_P3_staging_batch4/002 主厂房厂用电接线图#panel_000,_P3_staging_batch4/002 主厂房厂用电接线图,002 主厂房厂用电接线图,datas/qa_and_png/P3_oda_output/002 主厂房厂用电接线图.png,datas/raw_json/_P3_staging_batch4/002 主厂房厂用电接线图.json,0,1,train,P3,_P3_staging_batch4,candidate_full_fallback,"-6161694.8959,757608.1159,-3059444.4113,1518793.3671","-6161694.8959,757608.1159,-3059444.4113,1518793.3671","0.0,0.0,9362.0,6622.0",9362,6622,4008,datas/qa_and_png/P3_oda_output/002 主厂房厂用电接线图.png,True,discarded_tiny_panels=2,reject,,True,False,False,panel_review_reject
_P3_staging_batch4/003 #1机厂用电接线图#panel_000,_P3_staging_batch4/003 #1机厂用电接线图,003 #1机厂用电接线图,datas/qa_and_png/P3_oda_output/003 #1机厂用电接线图.png,datas/raw_json/_P3_staging_batch4/003 #1机厂用电接线图.json,0,1,train,P3,_P3_staging_batch4,candidate_full_fallback,"-6161694.8959,756975.9994,-3059444.4113,1518793.3671","-6161694.8959,756975.9994,-3059444.4113,1518793.3671","0.0,0.0,9362.0,6622.0",9362,6622,3331,datas/qa_and_png/P3_oda_output/003 #1机厂用电接线图.png,True,discarded_tiny_panels=2,reject,,True,False,False,panel_review_reject
_P3_staging_batch4/004 #1机组主厂房6kV  1A段一次接线图#panel_000,_P3_staging_batch4/004 #1机组主厂房6kV  1A段一次接线图,004 #1机组主厂房6kV  1A段一次接线图,datas/qa_and_png/P3_oda_output/004 #1机组主厂房6kV  1A段一次接线图.png,datas/raw_json/_P3_staging_batch4/004 #1机组主厂房6kV  1A段一次接线图.json,0,1,train,P3,_P3_staging_batch4,candidate_full_fallback,"-6161694.8959,757642.6282,3075213.954,1518793.3671","-6161694.8959,757642.6282,3075213.954,1518793.3671","0.0,0.0,9362.0,6622.0",9362,6622,2870,datas/qa_and_png/P3_oda_output/004 #1机组主厂房6kV  1A段一次接线图.png,True,discarded_tiny_panels=2,reject,,True,False,False,panel_review_reject
_P3_staging_batch4/005 #1机组主厂房6kV  1B段 一次接线图#panel_000,_P3_staging_batch4/005 #1机组主厂房6kV  1B段 一次接线图,005 #1机组主厂房6kV  1B段 一次接线图,datas/qa_and_png/P3_oda_output/005 #1机组主厂房6kV  1B段 一次接线图.png,datas/raw_json/_P3_staging_batch4/005 #1机组主厂房6kV  1B段 一次接线图.json,0,1,train,P3,_P3_staging_batch4,candidate_full_fallback,"-6161694.8959,757639.3667,3075142.3202,1518793.3671","-6161694.8959,757639.3667,3075142.3202,1518793.3671","0.0,0.0,9362.0,6622.0",9362,6622,2855,datas/qa_and_png/P3_oda_output/005 #1机组主厂房6kV  1B段 一次接线图.png,True,discarded_tiny_panels=2,reject,,True,False,False,panel_review_reject
_P3_staging_batch4/006 #1机组主厂房6kV  1C段一次接线图#panel_000,_P3_staging_batch4/006 #1机组主厂房6kV  1C段一次接线图,006 #1机组主厂房6kV  1C段一次接线图,datas/qa_and_png/P3_oda_output/006 #1机组主厂房6kV  1C段一次接线图.png,datas/raw_json/_P3_staging_batch4/006 #1机组主厂房6kV  1C段一次接线图.json,0,1,val,P3,_P3_staging_batch4,candidate_full_fallback,"-6161694.8959,757655.3197,3075151.1047,1518793.3671","-6161694.8959,757655.3197,3075151.1047,1518793.3671","0.0,0.0,9362.0,6622.0",9362,6622,2644,datas/qa_and_png/P3_oda_output/006 #1机组主厂房6kV  1C段一次接线图.png,True,discarded_tiny_panels=2,reject,,True,False,False,panel_review_reject
_P3_staging_batch4/009 脱硫岛6KV系统PW-I段I配置接线图#panel_000,_P3_staging_batch4/009 脱硫岛6KV系统PW-I段I配置接线图,009 脱硫岛6KV系统PW-I段I配置接线图,datas/qa_and_png/P3_oda_output/009 脱硫岛6KV系统PW-I段I配置接线图.png,datas/raw_json/_P3_staging_batch4/009 脱硫岛6KV系统PW-I段I配置接线图.json,0,1,train,P3,_P3_staging_batch4,candidate_full_fallback,"-6161694.8959,757618.9873,-3059444.4113,1518793.3671","-6161694.8959,757618.9873,-3059444.4113,1518793.3671","0.0,0.0,9362.0,6622.0",9362,6622,3135,datas/qa_and_png/P3_oda_output/009 脱硫岛6KV系统PW-I段I配置接线图.png,True,discarded_tiny_panels=2,reject,,True,False,False,panel_review_reject
_P3_staging_batch4/010 脱硫6KV系统PW-II段I配置接线图#panel_000,_P3_staging_batch4/010 脱硫6KV系统PW-II段I配置接线图,010 脱硫6KV系统PW-II段I配置接线图,datas/qa_and_png/P3_oda_output/010 脱硫6KV系统PW-II段I配置接线图.png,datas/raw_json/_P3_staging_batch4/010 脱硫6KV系统PW-II段I配置接线图.json,0,1,train,P3,_P3_staging_batch4,candidate_full_fallback,"-6161694.8959,757647.9858,-3059444.4113,1518793.3671","-6161694.8959,757647.9858,-3059444.4113,1518793.3671","0.0,0.0,9362.0,6622.0",9362,6622,3051,datas/qa_and_png/P3_oda_output/010 脱硫6KV系统PW-II段I配置接线图.png,True,discarded_tiny_panels=2,reject,,True,False,False,panel_review_reject
_P3_staging_batch4/035 220V直流系统接线图#panel_000,_P3_staging_batch4/035 220V直流系统接线图,035 220V直流系统接线图,datas/qa_and_png/P3_oda_output/035 220V直流系统接线图.png,datas/raw_json/_P3_staging_batch4/035 220V直流系统接线图.json,0,1,train,P3,_P3_staging_batch4,candidate_full_fallback,"-6161694.8959,757638.5995,3074458.496,1518793.3671","-6161694.8959,757638.5995,3074458.496,1518793.3671","0.0,0.0,9362.0,6622.0",9362,6622,3373,datas/qa_and_png/P3_oda_output/035 220V直流系统接线图.png,True,discarded_tiny_panels=3,reject,,True,False,False,panel_review_reject
_P3_staging_batch4/036 #1机220V直流馈线接线图（1）#panel_000,_P3_staging_batch4/036 #1机220V直流馈线接线图（1）,036 #1机220V直流馈线接线图（1）,datas/qa_and_png/P3_oda_output/036 #1机220V直流馈线接线图（1）.png,datas/raw_json/_P3_staging_batch4/036 #1机220V直流馈线接线图（1）.json,0,1,val,P3,_P3_staging_batch4,candidate_full_fallback,"-6161694.8959,757843.0758,-3059444.4113,1518793.3671","-6161694.8959,757843.0758,-3059444.4113,1518793.3671","0.0,0.0,9362.0,6622.0",9362,6622,2443,datas/qa_and_png/P3_oda_output/036 #1机220V直流馈线接线图（1）.png,True,discarded_tiny_panels=2,reject,,True,False,False,panel_review_reject
_P3_staging_batch4/037 #1机220V直流馈线接线图（2）#panel_000,_P3_staging_batch4/037 #1机220V直流馈线接线图（2）,037 #1机220V直流馈线接线图（2）,datas/qa_and_png/P3_oda_output/037 #1机220V直流馈线接线图（2）.png,datas/raw_json/_P3_staging_batch4/037 #1机220V直流馈线接线图（2）.json,0,1,train,P3,_P3_staging_batch4,candidate_full_fallback,"-6161694.8959,757837.8102,-3059444.4113,1518793.3671","-6161694.8959,757837.8102,-3059444.4113,1518793.3671","0.0,0.0,9362.0,6622.0",9362,6622,2421,datas/qa_and_png/P3_oda_output/037 #1机220V直流馈线接线图（2）.png,True,discarded_tiny_panels=2,reject,,True,False,False,panel_review_reject
_P3_staging_batch4/038 110V直流系统接线图#panel_000,_P3_staging_batch4/038 110V直流系统接线图,038 110V直流系统接线图,datas/qa_and_png/P3_oda_output/038 110V直流系统接线图.png,datas/raw_json/_P3_staging_batch4/038 110V直流系统接线图.json,0,1,train,P3,_P3_staging_batch4,candidate_full_fallback,"-6161694.8959,757635.1527,3074562.5123,1518793.3671","-6161694.8959,757635.1527,3074562.5123,1518793.3671","0.0,0.0,9362.0,6622.0",9362,6622,3374,datas/qa_and_png/P3_oda_output/038 110V直流系统接线图.png,True,discarded_tiny_panels=3,reject,,True,False,False,panel_review_reject
_P3_staging_batch4/039 #1机110v A段直流馈线屏I接线图#panel_000,_P3_staging_batch4/039 #1机110v A段直流馈线屏I接线图,039 #1机110v A段直流馈线屏I接线图,datas/qa_and_png/P3_oda_output/039 #1机110v A段直流馈线屏I接线图.png,datas/raw_json/_P3_staging_batch4/039 #1机110v A段直流馈线屏I接线图.json,0,1,train,P3,_P3_staging_batch4,candidate_full_fallback,"-6161694.8959,757825.3998,-3059444.4113,1518793.3671","-6161694.8959,757825.3998,-3059444.4113,1518793.3671","0.0,0.0,9362.0,6622.0",9362,6622,2484,datas/qa_and_png/P3_oda_output/039 #1机110v A段直流馈线屏I接线图.png,True,discarded_tiny_panels=2,reject,,True,False,False,panel_review_reject
_P3_staging_batch4/040 #1机110v A段直流馈线屏II接线图#panel_000,_P3_staging_batch4/040 #1机110v A段直流馈线屏II接线图,040 #1机110v A段直流馈线屏II接线图,datas/qa_and_png/P3_oda_output/040 #1机110v A段直流馈线屏II接线图.png,datas/raw_json/_P3_staging_batch4/040 #1机110v A段直流馈线屏II接线图.json,0,1,train,P3,_P3_staging_batch4,candidate_full_fallback,"-6161694.8959,757847.4669,-3059444.4113,1518793.3671","-6161694.8959,757847.4669,-3059444.4113,1518793.3671","0.0,0.0,9362.0,6622.0",9362,6622,2480,datas/qa_and_png/P3_oda_output/040 #1机110v A段直流馈线屏II接线图.png,True,discarded_tiny_panels=2,reject,,True,False,False,panel_review_reject
_P3_staging_batch4/041 #1机110v A段直流馈线屏III接线图#panel_000,_P3_staging_batch4/041 #1机110v A段直流馈线屏III接线图,041 #1机110v A段直流馈线屏III接线图,datas/qa_and_png/P3_oda_output/041 #1机110v A段直流馈线屏III接线图.png,datas/raw_json/_P3_staging_batch4/041 #1机110v A段直流馈线屏III接线图.json,0,1,train,P3,_P3_staging_batch4,candidate_full_fallback,"-6161694.8959,757855.9724,-3059444.4113,1518793.3671","-6161694.8959,757855.9724,-3059444.4113,1518793.3671","0.0,0.0,9362.0,6622.0",9362,6622,2068,datas/qa_and_png/P3_oda_output/041 #1机110v A段直流馈线屏III接线图.png,True,discarded_tiny_panels=2,reject,,True,False,False,panel_review_reject
_P3_staging_batch4/042 #1机110v B段直流馈线屏I接线图#panel_000,_P3_staging_batch4/042 #1机110v B段直流馈线屏I接线图,042 #1机110v B段直流馈线屏I接线图,datas/qa_and_png/P3_oda_output/042 #1机110v B段直流馈线屏I接线图.png,datas/raw_json/_P3_staging_batch4/042 #1机110v B段直流馈线屏I接线图.json,0,1,train,P3,_P3_staging_batch4,candidate_full_fallback,"-6161694.8959,757845.1714,-3059444.4113,1518793.3671","-6161694.8959,757845.1714,-3059444.4113,1518793.3671","0.0,0.0,9362.0,6622.0",9362,6622,2481,datas/qa_and_png/P3_oda_output/042 #1机110v B段直流馈线屏I接线图.png,True,discarded_tiny_panels=2,reject,,True,False,False,panel_review_reject
_P3_staging_batch4/043 #1机110v B段直流馈线屏II接线图#panel_000,_P3_staging_batch4/043 #1机110v B段直流馈线屏II接线图,043 #1机110v B段直流馈线屏II接线图,datas/qa_and_png/P3_oda_output/043 #1机110v B段直流馈线屏II接线图.png,datas/raw_json/_P3_staging_batch4/043 #1机110v B段直流馈线屏II接线图.json,0,1,train,P3,_P3_staging_batch4,candidate_full_fallback,"-6161694.8959,757839.5299,-3059444.4113,1518793.3671","-6161694.8959,757839.5299,-3059444.4113,1518793.3671","0.0,0.0,9362.0,6622.0",9362,6622,2480,datas/qa_and_png/P3_oda_output/043 #1机110v B段直流馈线屏II接线图.png,True,discarded_tiny_panels=2,reject,,True,False,False,panel_review_reject
_P3_staging_batch4/044 #1机110v B段直流馈线屏III接线图#panel_000,_P3_staging_batch4/044 #1机110v B段直流馈线屏III接线图,044 #1机110v B段直流馈线屏III接线图,datas/qa_and_png/P3_oda_output/044 #1机110v B段直流馈线屏III接线图.png,datas/raw_json/_P3_staging_batch4/044 #1机110v B段直流馈线屏III接线图.json,0,1,train,P3,_P3_staging_batch4,candidate_full_fallback,"-6161694.8959,757854.3272,-3059444.4113,1518793.3671","-6161694.8959,757854.3272,-3059444.4113,1518793.3671","0.0,0.0,9362.0,6622.0",9362,6622,2066,datas/qa_and_png/P3_oda_output/044 #1机110v B段直流馈线屏III接线图.png,True,discarded_tiny_panels=2,reject,,True,False,False,panel_review_reject
_P3_staging_batch4/054 #1机UPS电源A配电屏接线图#panel_000,_P3_staging_batch4/054 #1机UPS电源A配电屏接线图,054 #1机UPS电源A配电屏接线图,datas/qa_and_png/P3_oda_output/054 #1机UPS电源A配电屏接线图.png,datas/raw_json/_P3_staging_batch4/054 #1机UPS电源A配电屏接线图.json,0,1,train,P3,_P3_staging_batch4,candidate_full_fallback,"-6161694.8959,757862.4661,-3059444.4113,1518793.3671","-6161694.8959,757862.4661,-3059444.4113,1518793.3671","0.0,0.0,9362.0,6622.0",9362,6622,2593,datas/qa_and_png/P3_oda_output/054 #1机UPS电源A配电屏接线图.png,True,discarded_tiny_panels=2,reject,,True,False,False,panel_review_reject
_P3_staging_batch4/055 #1机UPS电源B配电屏接线图#panel_000,_P3_staging_batch4/055 #1机UPS电源B配电屏接线图,055 #1机UPS电源B配电屏接线图,datas/qa_and_png/P3_oda_output/055 #1机UPS电源B配电屏接线图.png,datas/raw_json/_P3_staging_batch4/055 #1机UPS电源B配电屏接线图.json,0,1,train,P3,_P3_staging_batch4,candidate_full_fallback,"-6161694.8959,757862.4661,-3059444.4113,1518793.3671","-6161694.8959,757862.4661,-3059444.4113,1518793.3671","0.0,0.0,9362.0,6622.0",9362,6622,2593,datas/qa_and_png/P3_oda_output/055 #1机UPS电源B配电屏接线图.png,True,discarded_tiny_panels=2,reject,,True,False,False,panel_review_reject
_P3_staging_batch4/056 继电器楼110V直流系统接线图#panel_000,_P3_staging_batch4/056 继电器楼110V直流系统接线图,056 继电器楼110V直流系统接线图,datas/qa_and_png/P3_oda_output/056 继电器楼110V直流系统接线图.png,datas/raw_json/_P3_staging_batch4/056 继电器楼110V直流系统接线图.json,0,1,test,P3,_P3_staging_batch4,candidate_full_fallback,"-6161694.8959,757632.6186,3074643.4405,1518793.3671","-6161694.8959,757632.6186,3074643.4405,1518793.3671","0.0,0.0,9362.0,6622.0",9362,6622,3370,datas/qa_and_png/P3_oda_output/056 继电器楼110V直流系统接线图.png,True,discarded_tiny_panels=3,reject,,True,False,False,panel_review_reject
_P3_staging_batch4/059 110V直流A段馈线接线图（1）#panel_000,_P3_staging_batch4/059 110V直流A段馈线接线图（1）,059 110V直流A段馈线接线图（1）,datas/qa_and_png/P3_oda_output/059 110V直流A段馈线接线图（1）.png,datas/raw_json/_P3_staging_batch4/059 110V直流A段馈线接线图（1）.json,0,1,train,P3,_P3_staging_batch4,candidate_full_fallback,"-6161694.8959,757862.4661,-3059444.4113,1518793.3671","-6161694.8959,757862.4661,-3059444.4113,1518793.3671","0.0,0.0,9362.0,6622.0",9362,6622,2627,datas/qa_and_png/P3_oda_output/059 110V直流A段馈线接线图（1）.png,True,discarded_tiny_panels=2,reject,,True,False,False,panel_review_reject
_P3_staging_batch4/060 110V直流A段馈线接线图（2）#panel_000,_P3_staging_batch4/060 110V直流A段馈线接线图（2）,060 110V直流A段馈线接线图（2）,datas/qa_and_png/P3_oda_output/060 110V直流A段馈线接线图（2）.png,datas/raw_json/_P3_staging_batch4/060 110V直流A段馈线接线图（2）.json,0,1,train,P3,_P3_staging_batch4,candidate_full_fallback,"-6161694.8959,757862.4661,-3059444.4113,1518793.3671","-6161694.8959,757862.4661,-3059444.4113,1518793.3671","0.0,0.0,9362.0,6622.0",9362,6622,2475,datas/qa_and_png/P3_oda_output/060 110V直流A段馈线接线图（2）.png,True,discarded_tiny_panels=2,reject,,True,False,False,panel_review_reject
_P3_staging_batch4/061 110V直流B段馈线接线图（1）#panel_000,_P3_staging_batch4/061 110V直流B段馈线接线图（1）,061 110V直流B段馈线接线图（1）,datas/qa_and_png/P3_oda_output/061 110V直流B段馈线接线图（1）.png,datas/raw_json/_P3_staging_batch4/061 110V直流B段馈线接线图（1）.json,0,1,train,P3,_P3_staging_batch4,candidate_full_fallback,"-6161694.8959,757862.4661,-3059444.4113,1518793.3671","-6161694.8959,757862.4661,-3059444.4113,1518793.3671","0.0,0.0,9362.0,6622.0",9362,6622,2659,datas/qa_and_png/P3_oda_output/061 110V直流B段馈线接线图（1）.png,True,discarded_tiny_panels=2,reject,,True,False,False,panel_review_reject
_P3_staging_batch4/10kv系统单线图#panel_003,_P3_staging_batch4/10kv系统单线图,10kv系统单线图,datas/qa_and_png/P3_oda_output/10kv系统单线图.png,datas/raw_json/_P3_staging_batch4/10kv系统单线图.json,3,6,train,P3,_P3_staging_batch4,image_components,"10149.1228,-18362.3685,17288.1172,-15327.9856","0.0,-19875.0579,37674.8961,0.0","2522.0,5107.0,4296.0,6118.0",9362,6622,0,outputs/panels/P3/P3_staging_batch4__10kv系统单线图__panel_003.png,True,,reject,,True,False,False,panel_review_reject
_P3_staging_batch4/1～3层电照系统及接线图#panel_000,_P3_staging_batch4/1～3层电照系统及接线图,1～3层电照系统及接线图,datas/qa_and_png/P3_oda_output/1～3层电照系统及接线图.png,datas/raw_json/_P3_staging_batch4/1～3层电照系统及接线图.json,0,1,val,P3,_P3_staging_batch4,full,"-301941.6856,-575375.6687,172161.5797,0.0","-301941.6856,-575375.6687,172161.5797,0.0","0.0,0.0,9362.0,6622.0",9362,6622,30294,datas/qa_and_png/P3_oda_output/1～3层电照系统及接线图.png,False,,,,False,True,False,parent_visible_watermark
_P3_staging_batch4/DDC接线图#panel_000,_P3_staging_batch4/DDC接线图,DDC接线图,datas/qa_and_png/P3_oda_output/DDC接线图.png,datas/raw_json/_P3_staging_batch4/DDC接线图.json,0,12,train,P3,_P3_staging_batch4,image_components,"-8446.0415,8768.1682,-4085.2192,11116.5114","-11073.689,-4011.6776,3130.6226,11150.5219","1225.0,21.0,3258.0,1471.0",6622,9362,14367,outputs/panels/P3/P3_staging_batch4__DDC接线图__panel_000.png,True,,reject,,True,False,False,panel_review_reject
_P3_staging_batch4/DDC接线图#panel_001,_P3_staging_batch4/DDC接线图,DDC接线图,datas/qa_and_png/P3_oda_output/DDC接线图.png,datas/raw_json/_P3_staging_batch4/DDC接线图.json,1,12,train,P3,_P3_staging_batch4,image_components,"-3855.7022,8768.1682,505.1201,11116.5114","-11073.689,-4011.6776,3130.6226,11150.5219","3365.0,21.0,5398.0,1471.0",6622,9362,0,outputs/panels/P3/P3_staging_batch4__DDC接线图__panel_001.png,True,,reject,,True,False,False,panel_review_reject
_P3_staging_batch4/DDC接线图#panel_002,_P3_staging_batch4/DDC接线图,DDC接线图,datas/qa_and_png/P3_oda_output/DDC接线图.png,datas/raw_json/_P3_staging_batch4/DDC接线图.json,2,12,train,P3,_P3_staging_batch4,image_components,"-8446.0415,6219.0011,-4085.2192,8567.3444","-11073.689,-4011.6776,3130.6226,11150.5219","1225.0,1595.0,3258.0,3045.0",6622,9362,13429,outputs/panels/P3/P3_staging_batch4__DDC接线图__panel_002.png,True,,reject,,True,False,False,panel_review_reject
_P3_staging_batch4/DDC接线图#panel_003,_P3_staging_batch4/DDC接线图,DDC接线图,datas/qa_and_png/P3_oda_output/DDC接线图.png,datas/raw_json/_P3_staging_batch4/DDC接线图.json,3,12,train,P3,_P3_staging_batch4,image_components,"-3855.7022,6219.0011,505.1201,8567.3444","-11073.689,-4011.6776,3130.6226,11150.5219","3365.0,1595.0,5398.0,3045.0",6622,9362,0,outputs/panels/P3/P3_staging_batch4__DDC接线图__panel_003.png,True,,reject,,True,False,False,panel_review_reject
_P3_staging_batch4/DDC接线图#panel_004,_P3_staging_batch4/DDC接线图,DDC接线图,datas/qa_and_png/P3_oda_output/DDC接线图.png,datas/raw_json/_P3_staging_batch4/DDC接线图.json,4,12,train,P3,_P3_staging_batch4,image_components,"-8446.0415,3669.8341,-4085.2192,6018.1773","-11073.689,-4011.6776,3130.6226,11150.5219","1225.0,3169.0,3258.0,4619.0",6622,9362,0,outputs/panels/P3/P3_staging_batch4__DDC接线图__panel_004.png,True,,reject,,True,False,False,panel_review_reject
_P3_staging_batch4/DDC接线图#panel_005,_P3_staging_batch4/DDC接线图,DDC接线图,datas/qa_and_png/P3_oda_output/DDC接线图.png,datas/raw_json/_P3_staging_batch4/DDC接线图.json,5,12,train,P3,_P3_staging_batch4,image_components,"-3855.7022,3669.8341,505.1201,6018.1773","-11073.689,-4011.6776,3130.6226,11150.5219","3365.0,3169.0,5398.0,4619.0",6622,9362,0,outputs/panels/P3/P3_staging_batch4__DDC接线图__panel_005.png,True,,reject,,True,False,False,panel_review_reject
_P3_staging_batch4/DDC接线图#panel_006,_P3_staging_batch4/DDC接线图,DDC接线图,datas/qa_and_png/P3_oda_output/DDC接线图.png,datas/raw_json/_P3_staging_batch4/DDC接线图.json,6,12,train,P3,_P3_staging_batch4,image_components,"-8446.0415,1119.0475,-4085.2192,3467.3907","-11073.689,-4011.6776,3130.6226,11150.5219","1225.0,4744.0,3258.0,6194.0",6622,9362,0,outputs/panels/P3/P3_staging_batch4__DDC接线图__panel_006.png,True,,reject,,True,False,False,panel_review_reject
_P3_staging_batch4/DDC接线图#panel_007,_P3_staging_batch4/DDC接线图,DDC接线图,datas/qa_and_png/P3_oda_output/DDC接线图.png,datas/raw_json/_P3_staging_batch4/DDC接线图.json,7,12,train,P3,_P3_staging_batch4,image_components,"-3855.7022,1119.0475,505.1201,3467.3907","-11073.689,-4011.6776,3130.6226,11150.5219","3365.0,4744.0,5398.0,6194.0",6622,9362,0,outputs/panels/P3/P3_staging_batch4__DDC接线图__panel_007.png,True,,reject,,True,False,False,panel_review_reject
_P3_staging_batch4/DDC接线图#panel_008,_P3_staging_batch4/DDC接线图,DDC接线图,datas/qa_and_png/P3_oda_output/DDC接线图.png,datas/raw_json/_P3_staging_batch4/DDC接线图.json,8,12,train,P3,_P3_staging_batch4,image_components,"-8446.0415,-1430.1196,-4085.2192,918.2236","-11073.689,-4011.6776,3130.6226,11150.5219","1225.0,6318.0,3258.0,7768.0",6622,9362,0,outputs/panels/P3/P3_staging_batch4__DDC接线图__panel_008.png,True,,reject,,True,False,False,panel_review_reject
_P3_staging_batch4/DDC接线图#panel_009,_P3_staging_batch4/DDC接线图,DDC接线图,datas/qa_and_png/P3_oda_output/DDC接线图.png,datas/raw_json/_P3_staging_batch4/DDC接线图.json,9,12,train,P3,_P3_staging_batch4,image_components,"-3855.7022,-1430.1196,505.1201,918.2236","-11073.689,-4011.6776,3130.6226,11150.5219","3365.0,6318.0,5398.0,7768.0",6622,9362,116,outputs/panels/P3/P3_staging_batch4__DDC接线图__panel_009.png,True,,,,False,False,False,panel_review_reject
_P3_staging_batch4/DDC接线图#panel_010,_P3_staging_batch4/DDC接线图,DDC接线图,datas/qa_and_png/P3_oda_output/DDC接线图.png,datas/raw_json/_P3_staging_batch4/DDC接线图.json,10,12,train,P3,_P3_staging_batch4,image_components,"-8446.0415,-3979.2867,-4085.2192,-1630.9434","-11073.689,-4011.6776,3130.6226,11150.5219","1225.0,7892.0,3258.0,9342.0",6622,9362,0,outputs/panels/P3/P3_staging_batch4__DDC接线图__panel_010.png,True,,reject,,True,False,False,panel_review_reject
_P3_staging_batch4/DDC接线图#panel_011,_P3_staging_batch4/DDC接线图,DDC接线图,datas/qa_and_png/P3_oda_output/DDC接线图.png,datas/raw_json/_P3_staging_batch4/DDC接线图.json,11,12,train,P3,_P3_staging_batch4,image_components,"-3855.7022,-3979.2867,505.1201,-1630.9434","-11073.689,-4011.6776,3130.6226,11150.5219","3365.0,7892.0,5398.0,9342.0",6622,9362,0,outputs/panels/P3/P3_staging_batch4__DDC接线图__panel_011.png,True,,reject,,True,False,False,panel_review_reject
_P3_staging_batch4/中置柜一二次接线图#panel_000,_P3_staging_batch4/中置柜一二次接线图,中置柜一二次接线图,datas/qa_and_png/P3_oda_output/中置柜一二次接线图.png,datas/raw_json/_P3_staging_batch4/中置柜一二次接线图.json,0,1,train,P3,_P3_staging_batch4,full,"-2718.9507,-1454.2444,10100.9077,12352.9598","-2718.9507,-1454.2444,10100.9077,12352.9598","0.0,0.0,9362.0,6622.0",9362,6622,34586,datas/qa_and_png/P3_oda_output/中置柜一二次接线图.png,False,,,,False,True,False,parent_visible_watermark
_P3_staging_batch4/供电设计院设计10KV电缆管群图#panel_000,_P3_staging_batch4/供电设计院设计10KV电缆管群图,供电设计院设计10KV电缆管群图,datas/qa_and_png/P3_oda_output/供电设计院设计10KV电缆管群图.png,datas/raw_json/_P3_staging_batch4/供电设计院设计10KV电缆管群图.json,0,2,train,P3,_P3_staging_batch4,image_components,"3859.3821,2642.3414,5163.2522,3361.394","3350.8618,966.297,5163.2522,3416.887","1858.0,212.0,6622.0,2959.0",6622,9362,17538,outputs/panels/P3/P3_staging_batch4__供电设计院设计10KV电缆管群图__panel_000.png,True,,reject,,True,False,False,panel_review_reject
_P3_staging_batch4/供电设计院设计10KV电缆管群图#panel_001,_P3_staging_batch4/供电设计院设计10KV电缆管群图,供电设计院设计10KV电缆管群图,datas/qa_and_png/P3_oda_output/供电设计院设计10KV电缆管群图.png,datas/raw_json/_P3_staging_batch4/供电设计院设计10KV电缆管群图.json,1,2,train,P3,_P3_staging_batch4,image_components,"3350.8618,1025.9781,3963.6589,1445.5781","3350.8618,966.297,5163.2522,3416.887","0.0,7531.0,2239.0,9134.0",6622,9362,11597,outputs/panels/P3/P3_staging_batch4__供电设计院设计10KV电缆管群图__panel_001.png,True,,reject,,True,False,False,panel_review_reject
_P3_staging_batch4/许继微机保护CAD图#panel_000,_P3_staging_batch4/许继微机保护CAD图,许继微机保护CAD图,datas/qa_and_png/P3_oda_output/许继微机保护CAD图.png,datas/raw_json/_P3_staging_batch4/许继微机保护CAD图.json,0,1,train,P3,_P3_staging_batch4,full,"-15396.3099,-84366.0895,41548.3406,32485.8368","-15396.3099,-84366.0895,41548.3406,32485.8368","0.0,0.0,9362.0,6622.0",9362,6622,7090,datas/qa_and_png/P3_oda_output/许继微机保护CAD图.png,False,,,,False,True,False,parent_visible_watermark
_P3_staging_batch4/铁路局机关10kV配电所电气一次图纸#panel_000,_P3_staging_batch4/铁路局机关10kV配电所电气一次图纸,铁路局机关10kV配电所电气一次图纸,datas/qa_and_png/P3_oda_output/铁路局机关10kV配电所电气一次图纸.png,datas/raw_json/_P3_staging_batch4/铁路局机关10kV配电所电气一次图纸.json,0,1,train,P3,_P3_staging_batch4,full,"-865.2345,-616.5237,10238.1825,4978.9733","-865.2345,-616.5237,10238.1825,4978.9733","0.0,0.0,9362.0,6622.0",9362,6622,18648,datas/qa_and_png/P3_oda_output/铁路局机关10kV配电所电气一次图纸.png,False,,,,False,True,False,parent_visible_watermark
