panel_id,parent_drawing_key,panel_index,panel_count,split,split_method,panel_bbox_png,panel_png_path,status,comment
_P1_staging/001 220kV变电站电气主接线图#panel_000,_P1_staging/001 220kV变电站电气主接线图,0,1,train,candidate_full_fallback,"0.0,0.0,9362.0,6622.0",datas/qa_and_png/P1_oda_output/001 220kV变电站电气主接线图.png,reject,空白图
_P1_staging/02-主接线wm666.taobao.com#panel_000,_P1_staging/02-主接线wm666.taobao.com,0,5,train,image_components,"1544.0,992.0,2987.0,2028.0",outputs/panels/P1/P1_staging__02-主接线wm666.taobao.com__panel_000.png,accept,
_P1_staging/02-主接线wm666.taobao.com#panel_001,_P1_staging/02-主接线wm666.taobao.com,1,5,train,image_components,"4605.0,2828.0,6112.0,3897.0",outputs/panels/P1/P1_staging__02-主接线wm666.taobao.com__panel_001.png,accept,
_P1_staging/02-主接线wm666.taobao.com#panel_002,_P1_staging/02-主接线wm666.taobao.com,2,5,train,image_components,"6765.0,2844.0,9359.0,3875.0",outputs/panels/P1/P1_staging__02-主接线wm666.taobao.com__panel_002.png,accept,
_P1_staging/02-主接线wm666.taobao.com#panel_003,_P1_staging/02-主接线wm666.taobao.com,3,5,train,image_components,"1146.0,2914.0,3285.0,3950.0",outputs/panels/P1/P1_staging__02-主接线wm666.taobao.com__panel_003.png,accept,
_P1_staging/02-主接线wm666.taobao.com#panel_004,_P1_staging/02-主接线wm666.taobao.com,4,5,train,image_components,"1146.0,4595.0,3285.0,5631.0",outputs/panels/P1/P1_staging__02-主接线wm666.taobao.com__panel_004.png,accept,
_P1_staging/05电气主接线#panel_000,_P1_staging/05电气主接线,0,5,train,image_components,"0.0,1634.0,4615.0,4914.0",outputs/panels/P1/P1_staging__05电气主接线__panel_000.png,accept,
_P1_staging/05电气主接线#panel_001,_P1_staging/05电气主接线,1,5,train,image_components,"158.0,1706.0,4540.0,4841.0",outputs/panels/P1/P1_staging__05电气主接线__panel_001.png,accept,
_P1_staging/05电气主接线#panel_002,_P1_staging/05电气主接线,2,5,train,image_components,"4771.0,1710.0,9362.0,4989.0",outputs/panels/P1/P1_staging__05电气主接线__panel_002.png,reject,
_P1_staging/05电气主接线#panel_003,_P1_staging/05电气主接线,3,5,train,image_components,"5035.0,1760.0,9337.0,4940.0",outputs/panels/P1/P1_staging__05电气主接线__panel_003.png,reject,
_P1_staging/05电气主接线#panel_004,_P1_staging/05电气主接线,4,5,train,image_components,"5155.0,1963.0,9254.0,4695.0",outputs/panels/P1/P1_staging__05电气主接线__panel_004.png,reject,
_P1_staging/110Kv变电站直流系统接线图#panel_000,_P1_staging/110Kv变电站直流系统接线图,0,2,val,image_components,"0.0,0.0,9362.0,6622.0",outputs/panels/P1/P1_staging__110Kv变电站直流系统接线图__panel_000.png,accept,
_P1_staging/110Kv变电站直流系统接线图#panel_001,_P1_staging/110Kv变电站直流系统接线图,1,2,val,image_components,"7392.0,4555.0,9156.0,5549.0",outputs/panels/P1/P1_staging__110Kv变电站直流系统接线图__panel_001.png,reject,
_P1_staging/110Kv变电站直流系统接线图wm666.taobao.com#panel_000,_P1_staging/110Kv变电站直流系统接线图wm666.taobao.com,0,2,train,image_components,"0.0,0.0,9362.0,6622.0",outputs/panels/P1/P1_staging__110Kv变电站直流系统接线图wm666.taobao.com__panel_000.png,accept,
_P1_staging/110Kv变电站直流系统接线图wm666.taobao.com#panel_001,_P1_staging/110Kv变电站直流系统接线图wm666.taobao.com,1,2,train,image_components,"7392.0,4555.0,9156.0,5549.0",outputs/panels/P1/P1_staging__110Kv变电站直流系统接线图wm666.taobao.com__panel_001.png,reject,
_P1_staging/110kV变电站GIS布置平面图#panel_000,_P1_staging/110kV变电站GIS布置平面图,0,5,train,image_components,"903.0,0.0,5707.0,6622.0",outputs/panels/P1/P1_staging__110kV变电站GIS布置平面图__panel_000.png,reject,
_P1_staging/110kV变电站GIS布置平面图#panel_001,_P1_staging/110kV变电站GIS布置平面图,1,5,train,image_components,"5723.0,108.0,8429.0,3443.0",outputs/panels/P1/P1_staging__110kV变电站GIS布置平面图__panel_001.png,reject,
_P1_staging/110kV变电站GIS布置平面图#panel_002,_P1_staging/110kV变电站GIS布置平面图,2,5,train,image_components,"1489.0,323.0,2888.0,3039.0",outputs/panels/P1/P1_staging__110kV变电站GIS布置平面图__panel_002.png,reject,
_P1_staging/110kV变电站GIS布置平面图#panel_003,_P1_staging/110kV变电站GIS布置平面图,3,5,train,image_components,"1774.0,3505.0,3017.0,6256.0",outputs/panels/P1/P1_staging__110kV变电站GIS布置平面图__panel_003.png,reject,
_P1_staging/110kV变电站GIS布置平面图#panel_004,_P1_staging/110kV变电站GIS布置平面图,4,5,train,image_components,"2936.0,3642.0,5044.0,5221.0",outputs/panels/P1/P1_staging__110kV变电站GIS布置平面图__panel_004.png,reject,
_P1_staging/110kV变电站GIS布置平面图wm666.taobao.com#panel_000,_P1_staging/110kV变电站GIS布置平面图wm666.taobao.com,0,5,train,image_components,"903.0,0.0,5707.0,6622.0",outputs/panels/P1/P1_staging__110kV变电站GIS布置平面图wm666.taobao.com__panel_000.png,reject,
_P1_staging/110kV变电站GIS布置平面图wm666.taobao.com#panel_001,_P1_staging/110kV变电站GIS布置平面图wm666.taobao.com,1,5,train,image_components,"5723.0,108.0,8429.0,3443.0",outputs/panels/P1/P1_staging__110kV变电站GIS布置平面图wm666.taobao.com__panel_001.png,reject,
_P1_staging/110kV变电站GIS布置平面图wm666.taobao.com#panel_002,_P1_staging/110kV变电站GIS布置平面图wm666.taobao.com,2,5,train,image_components,"1489.0,323.0,2888.0,3039.0",outputs/panels/P1/P1_staging__110kV变电站GIS布置平面图wm666.taobao.com__panel_002.png,reject,
_P1_staging/110kV变电站GIS布置平面图wm666.taobao.com#panel_003,_P1_staging/110kV变电站GIS布置平面图wm666.taobao.com,3,5,train,image_components,"1774.0,3505.0,3017.0,6256.0",outputs/panels/P1/P1_staging__110kV变电站GIS布置平面图wm666.taobao.com__panel_003.png,reject,
_P1_staging/110kV变电站GIS布置平面图wm666.taobao.com#panel_004,_P1_staging/110kV变电站GIS布置平面图wm666.taobao.com,4,5,train,image_components,"2936.0,3642.0,5044.0,5221.0",outputs/panels/P1/P1_staging__110kV变电站GIS布置平面图wm666.taobao.com__panel_004.png,reject,
_P1_staging/110kV变电站总平面及竖向布置图#panel_000,_P1_staging/110kV变电站总平面及竖向布置图,0,2,train,image_components,"7000.0,3710.0,9355.0,5388.0",outputs/panels/P1/P1_staging__110kV变电站总平面及竖向布置图__panel_000.png,accept,
_P1_staging/110kV变电站总平面及竖向布置图#panel_001,_P1_staging/110kV变电站总平面及竖向布置图,1,2,train,image_components,"7253.0,3812.0,8678.0,5046.0",outputs/panels/P1/P1_staging__110kV变电站总平面及竖向布置图__panel_001.png,accept,
_P1_staging/110kv安斑东线、西线竣工图设计wm666.taobao.com#panel_000,_P1_staging/110kv安斑东线、西线竣工图设计wm666.taobao.com,0,2,test,image_components,"3342.0,462.0,9362.0,3198.0",outputs/panels/P1/P1_staging__110kv安斑东线、西线竣工图设计wm666.taobao.com__panel_000.png,reject,
_P1_staging/110kv安斑东线、西线竣工图设计wm666.taobao.com#panel_001,_P1_staging/110kv安斑东线、西线竣工图设计wm666.taobao.com,1,2,test,image_components,"3484.0,604.0,9267.0,3055.0",outputs/panels/P1/P1_staging__110kv安斑东线、西线竣工图设计wm666.taobao.com__panel_001.png,reject,
_P1_staging/主变保护测控屏屏面布置图及元件表#panel_000,_P1_staging/主变保护测控屏屏面布置图及元件表,0,2,val,cad_gap,"0.0,2359.0,2445.0,6622.0",outputs/panels/P1/P1_staging__主变保护测控屏屏面布置图及元件表__panel_000.png,accept,
_P1_staging/主变保护测控屏屏面布置图及元件表#panel_001,_P1_staging/主变保护测控屏屏面布置图及元件表,1,2,val,cad_gap,"4027.0,0.0,9362.0,5801.0",outputs/panels/P1/P1_staging__主变保护测控屏屏面布置图及元件表__panel_001.png,accept,
_P1_staging/主变压器35kV侧断路器在PWFXH-1111上的端子排(B066-500-1215)wm666.taobao.com#panel_000,_P1_staging/主变压器35kV侧断路器在PWFXH-1111上的端子排(B066-500-1215)wm666.taobao.com,0,3,train,image_components,"0.0,1269.0,6622.0,4482.0",outputs/panels/P1/P1_staging__主变压器35kV侧断路器在PWFXH-1111上的端子排(B066-500-1215)wm666.taobao.com__panel_000.png,accept,
_P1_staging/主变压器35kV侧断路器在PWFXH-1111上的端子排(B066-500-1215)wm666.taobao.com#panel_001,_P1_staging/主变压器35kV侧断路器在PWFXH-1111上的端子排(B066-500-1215)wm666.taobao.com,1,3,train,image_components,"351.0,1881.0,6530.0,3435.0",outputs/panels/P1/P1_staging__主变压器35kV侧断路器在PWFXH-1111上的端子排(B066-500-1215)wm666.taobao.com__panel_001.png,accept,
_P1_staging/主变压器35kV侧断路器在PWFXH-1111上的端子排(B066-500-1215)wm666.taobao.com#panel_002,_P1_staging/主变压器35kV侧断路器在PWFXH-1111上的端子排(B066-500-1215)wm666.taobao.com,2,3,train,image_components,"0.0,4881.0,4498.0,8094.0",outputs/panels/P1/P1_staging__主变压器35kV侧断路器在PWFXH-1111上的端子排(B066-500-1215)wm666.taobao.com__panel_002.png,accept,
_P1_staging/主变进线柜原理图#panel_000,_P1_staging/主变进线柜原理图,0,4,train,image_components,"0.0,883.0,6227.0,5329.0",outputs/panels/P1/P1_staging__主变进线柜原理图__panel_000.png,accept,
_P1_staging/主变进线柜原理图#panel_001,_P1_staging/主变进线柜原理图,1,4,train,image_components,"457.0,1168.0,1670.0,3063.0",outputs/panels/P1/P1_staging__主变进线柜原理图__panel_001.png,accept,
_P1_staging/主变进线柜原理图#panel_002,_P1_staging/主变进线柜原理图,2,4,train,image_components,"8610.0,1965.0,9337.0,5130.0",outputs/panels/P1/P1_staging__主变进线柜原理图__panel_002.png,accept,
_P1_staging/主变进线柜原理图#panel_003,_P1_staging/主变进线柜原理图,3,4,train,image_components,"7783.0,2049.0,8511.0,5738.0",outputs/panels/P1/P1_staging__主变进线柜原理图__panel_003.png,accept,
_P1_staging/电气主接线#panel_000,_P1_staging/电气主接线,0,1,train,candidate_full_fallback,"0.0,0.0,6622.0,9362.0",datas/qa_and_png/P1_oda_output/电气主接线.png,reject,
_P2_staging/02052D修-9   35kV进线及母联保护屏1BP接线端子图#panel_000,_P2_staging/02052D修-9   35kV进线及母联保护屏1BP接线端子图,0,1,train,candidate_full_fallback,"0.0,0.0,6622.0,9362.0",datas/qa_and_png/P2_oda_output/02052D修-9   35kV进线及母联保护屏1BP接线端子图.png,reject,
_P2_staging/057 220KV继电器楼ups配电柜a段馈线接线图#panel_000,_P2_staging/057 220KV继电器楼ups配电柜a段馈线接线图,0,1,train,candidate_full_fallback,"0.0,0.0,9362.0,6622.0",datas/qa_and_png/P2_oda_output/057 220KV继电器楼ups配电柜a段馈线接线图.png,reject,
_P2_staging/058 220KV继电器楼ups配电柜b段馈线接线图#panel_000,_P2_staging/058 220KV继电器楼ups配电柜b段馈线接线图,0,1,train,candidate_full_fallback,"0.0,0.0,9362.0,6622.0",datas/qa_and_png/P2_oda_output/058 220KV继电器楼ups配电柜b段馈线接线图.png,reject,
_P2_staging/10KV变电所继电保护二次接线图#panel_000,_P2_staging/10KV变电所继电保护二次接线图,0,2,val,image_components,"10.0,1798.0,2603.0,4825.0",outputs/panels/P2/P2_staging__10KV变电所继电保护二次接线图__panel_000.png,reject,
_P2_staging/10KV变电所继电保护二次接线图#panel_001,_P2_staging/10KV变电所继电保护二次接线图,1,2,val,image_components,"5883.0,1798.0,9362.0,4825.0",outputs/panels/P2/P2_staging__10KV变电所继电保护二次接线图__panel_001.png,reject,
"_P2_staging/220kVI,III分段隔离开关在监控柜上的端子排(B066-500-1721)wm666.taobao.com#panel_000","_P2_staging/220kVI,III分段隔离开关在监控柜上的端子排(B066-500-1721)wm666.taobao.com",0,3,train,image_components,"1243.0,0.0,8116.0,3202.0","outputs/panels/P2/P2_staging__220kVI,III分段隔离开关在监控柜上的端子排(B066-500-1721)wm666.taobao.com__panel_000.png",accept,
"_P2_staging/220kVI,III分段隔离开关在监控柜上的端子排(B066-500-1721)wm666.taobao.com#panel_001","_P2_staging/220kVI,III分段隔离开关在监控柜上的端子排(B066-500-1721)wm666.taobao.com",1,3,train,image_components,"1792.0,895.0,7786.0,2000.0","outputs/panels/P2/P2_staging__220kVI,III分段隔离开关在监控柜上的端子排(B066-500-1721)wm666.taobao.com__panel_001.png",accept,
"_P2_staging/220kVI,III分段隔离开关在监控柜上的端子排(B066-500-1721)wm666.taobao.com#panel_002","_P2_staging/220kVI,III分段隔离开关在监控柜上的端子排(B066-500-1721)wm666.taobao.com",2,3,train,image_components,"1281.0,3421.0,5895.0,6622.0","outputs/panels/P2/P2_staging__220kVI,III分段隔离开关在监控柜上的端子排(B066-500-1721)wm666.taobao.com__panel_002.png",accept,
"_P2_staging/220kVI,II母联在监控柜上的端子排(B066-500-1723)wm666.taobao.com#panel_000","_P2_staging/220kVI,II母联在监控柜上的端子排(B066-500-1723)wm666.taobao.com",0,3,val,image_components,"1297.0,0.0,8101.0,3203.0","outputs/panels/P2/P2_staging__220kVI,II母联在监控柜上的端子排(B066-500-1723)wm666.taobao.com__panel_000.png",accept,
"_P2_staging/220kVI,II母联在监控柜上的端子排(B066-500-1723)wm666.taobao.com#panel_001","_P2_staging/220kVI,II母联在监控柜上的端子排(B066-500-1723)wm666.taobao.com",1,3,val,image_components,"1736.0,378.0,7835.0,2049.0","outputs/panels/P2/P2_staging__220kVI,II母联在监控柜上的端子排(B066-500-1723)wm666.taobao.com__panel_001.png",accept,
"_P2_staging/220kVI,II母联在监控柜上的端子排(B066-500-1723)wm666.taobao.com#panel_002","_P2_staging/220kVI,II母联在监控柜上的端子排(B066-500-1723)wm666.taobao.com",2,3,val,image_components,"1295.0,3420.0,5839.0,6622.0","outputs/panels/P2/P2_staging__220kVI,II母联在监控柜上的端子排(B066-500-1723)wm666.taobao.com__panel_002.png",accept,
_P2_staging/35KV变电所设计#panel_000,_P2_staging/35KV变电所设计,0,4,train,image_components,"0.0,0.0,9362.0,6622.0",outputs/panels/P2/P2_staging__35KV变电所设计__panel_000.png,accept,
_P2_staging/35KV变电所设计#panel_001,_P2_staging/35KV变电所设计,1,4,train,image_components,"1894.0,523.0,4533.0,5574.0",outputs/panels/P2/P2_staging__35KV变电所设计__panel_001.png,accept,
_P2_staging/35KV变电所设计#panel_002,_P2_staging/35KV变电所设计,2,4,train,image_components,"5139.0,780.0,6461.0,2269.0",outputs/panels/P2/P2_staging__35KV变电所设计__panel_002.png,reject,
_P2_staging/35KV变电所设计#panel_003,_P2_staging/35KV变电所设计,3,4,train,image_components,"5686.0,4746.0,8416.0,5437.0",outputs/panels/P2/P2_staging__35KV变电所设计__panel_003.png,reject,
_P2_staging/35KV变电所设计(1)#panel_000,_P2_staging/35KV变电所设计(1),0,2,train,image_components,"0.0,0.0,9362.0,6622.0",outputs/panels/P2/P2_staging__35KV变电所设计(1)__panel_000.png,reject,
_P2_staging/35KV变电所设计(1)#panel_001,_P2_staging/35KV变电所设计(1),1,2,train,image_components,"1760.0,848.0,4969.0,5444.0",outputs/panels/P2/P2_staging__35KV变电所设计(1)__panel_001.png,reject,
_P2_staging/35KV变电所设计(2)#panel_000,_P2_staging/35KV变电所设计(2),0,4,train,image_components,"0.0,0.0,9362.0,6622.0",outputs/panels/P2/P2_staging__35KV变电所设计(2)__panel_000.png,accept,
_P2_staging/35KV变电所设计(2)#panel_001,_P2_staging/35KV变电所设计(2),1,4,train,image_components,"4639.0,1075.0,6148.0,2353.0",outputs/panels/P2/P2_staging__35KV变电所设计(2)__panel_001.png,reject,
_P2_staging/35KV变电所设计(2)#panel_002,_P2_staging/35KV变电所设计(2),2,4,train,image_components,"6838.0,1075.0,8365.0,2353.0",outputs/panels/P2/P2_staging__35KV变电所设计(2)__panel_002.png,reject,
_P2_staging/35KV变电所设计(2)#panel_003,_P2_staging/35KV变电所设计(2),3,4,train,image_components,"5665.0,4278.0,9183.0,5440.0",outputs/panels/P2/P2_staging__35KV变电所设计(2)__panel_003.png,reject,
_P2_staging/35KV变电所设计(3)#panel_000,_P2_staging/35KV变电所设计(3),0,3,train,image_components,"0.0,0.0,9362.0,6622.0",outputs/panels/P2/P2_staging__35KV变电所设计(3)__panel_000.png,accept,
_P2_staging/35KV变电所设计(3)#panel_001,_P2_staging/35KV变电所设计(3),1,3,train,image_components,"1459.0,653.0,4306.0,4860.0",outputs/panels/P2/P2_staging__35KV变电所设计(3)__panel_001.png,accept,
_P2_staging/35KV变电所设计(3)#panel_002,_P2_staging/35KV变电所设计(3),2,3,train,image_components,"5675.0,4278.0,8404.0,4969.0",outputs/panels/P2/P2_staging__35KV变电所设计(3)__panel_002.png,reject,
_P2_staging/35kV配电一次图#panel_000,_P2_staging/35kV配电一次图,0,1,train,candidate_full_fallback,"0.0,0.0,9362.0,6622.0",datas/qa_and_png/P2_oda_output/35kV配电一次图.png,reject,
_P2_staging/SGT-变电所DLXT#panel_000,_P2_staging/SGT-变电所DLXT,0,2,test,image_components,"0.0,1071.0,4208.0,3934.0",outputs/panels/P2/P2_staging__SGT-变电所DLXT__panel_000.png,reject,
_P2_staging/SGT-变电所DLXT#panel_001,_P2_staging/SGT-变电所DLXT,1,2,test,image_components,"7439.0,2063.0,9348.0,3426.0",outputs/panels/P2/P2_staging__SGT-变电所DLXT__panel_001.png,accept,
_P2_staging/变电所全套图纸wm666.taobao.com#panel_000,_P2_staging/变电所全套图纸wm666.taobao.com,0,9,train,image_components,"0.0,638.0,9362.0,5985.0",outputs/panels/P2/P2_staging__变电所全套图纸wm666.taobao.com__panel_000.png,reject,
_P2_staging/变电所全套图纸wm666.taobao.com#panel_001,_P2_staging/变电所全套图纸wm666.taobao.com,1,9,train,image_components,"4448.0,756.0,6794.0,2446.0",outputs/panels/P2/P2_staging__变电所全套图纸wm666.taobao.com__panel_001.png,accept,
_P2_staging/变电所全套图纸wm666.taobao.com#panel_002,_P2_staging/变电所全套图纸wm666.taobao.com,2,9,train,image_components,"2134.0,759.0,4362.0,1724.0",outputs/panels/P2/P2_staging__变电所全套图纸wm666.taobao.com__panel_002.png,reject,
_P2_staging/变电所全套图纸wm666.taobao.com#panel_003,_P2_staging/变电所全套图纸wm666.taobao.com,3,9,train,image_components,"4698.0,877.0,5570.0,2299.0",outputs/panels/P2/P2_staging__变电所全套图纸wm666.taobao.com__panel_003.png,accept,
_P2_staging/变电所全套图纸wm666.taobao.com#panel_004,_P2_staging/变电所全套图纸wm666.taobao.com,4,9,train,image_components,"4448.0,2467.0,6794.0,4157.0",outputs/panels/P2/P2_staging__变电所全套图纸wm666.taobao.com__panel_004.png,accept,
_P2_staging/变电所全套图纸wm666.taobao.com#panel_005,_P2_staging/变电所全套图纸wm666.taobao.com,5,9,train,image_components,"6883.0,2467.0,9229.0,4157.0",outputs/panels/P2/P2_staging__变电所全套图纸wm666.taobao.com__panel_005.png,accept,
_P2_staging/变电所全套图纸wm666.taobao.com#panel_006,_P2_staging/变电所全套图纸wm666.taobao.com,6,9,train,image_components,"7133.0,2588.0,8032.0,4010.0",outputs/panels/P2/P2_staging__变电所全套图纸wm666.taobao.com__panel_006.png,accept,
_P2_staging/变电所全套图纸wm666.taobao.com#panel_007,_P2_staging/变电所全套图纸wm666.taobao.com,7,9,train,image_components,"279.0,4247.0,1325.0,5630.0",outputs/panels/P2/P2_staging__变电所全套图纸wm666.taobao.com__panel_007.png,reject,
_P2_staging/变电所全套图纸wm666.taobao.com#panel_008,_P2_staging/变电所全套图纸wm666.taobao.com,8,9,train,image_components,"2909.0,4369.0,4691.0,5396.0",outputs/panels/P2/P2_staging__变电所全套图纸wm666.taobao.com__panel_008.png,accept,
_P2_staging/变电站构架支架3d图#panel_000,_P2_staging/变电站构架支架3d图,0,2,train,cad_gap,"0.0,1482.0,3191.0,3908.0",outputs/panels/P2/P2_staging__变电站构架支架3d图__panel_000.png,reject,
_P2_staging/变电站构架支架3d图#panel_001,_P2_staging/变电站构架支架3d图,1,2,train,cad_gap,"4871.0,0.0,9362.0,6622.0",outputs/panels/P2/P2_staging__变电站构架支架3d图__panel_001.png,reject,
_P2_staging/某厂房变电所平面#panel_000,_P2_staging/某厂房变电所平面,0,2,train,image_components,"30.0,2446.0,2850.0,3626.0",outputs/panels/P2/P2_staging__某厂房变电所平面__panel_000.png,reject,
_P2_staging/某厂房变电所平面#panel_001,_P2_staging/某厂房变电所平面,1,2,train,image_components,"18.0,3600.0,1667.0,4779.0",outputs/panels/P2/P2_staging__某厂房变电所平面__panel_001.png,accept,
_P2_staging/某厂房变电所平面wm666.taobao.com#panel_000,_P2_staging/某厂房变电所平面wm666.taobao.com,0,2,train,image_components,"30.0,2446.0,2850.0,3626.0",outputs/panels/P2/P2_staging__某厂房变电所平面wm666.taobao.com__panel_000.png,reject,
_P2_staging/某厂房变电所平面wm666.taobao.com#panel_001,_P2_staging/某厂房变电所平面wm666.taobao.com,1,2,train,image_components,"18.0,3600.0,1667.0,4779.0",outputs/panels/P2/P2_staging__某厂房变电所平面wm666.taobao.com__panel_001.png,accept,
_P2_staging/欧式箱式变电站基础#panel_000,_P2_staging/欧式箱式变电站基础,0,1,train,candidate_full_fallback,"0.0,0.0,9362.0,6622.0",datas/qa_and_png/P2_oda_output/欧式箱式变电站基础.png,reject,
_P2_staging/电站、变电所电气及设备04#panel_000,_P2_staging/电站、变电所电气及设备04,0,5,train,image_components,"2620.0,1449.0,3747.0,3050.0",outputs/panels/P2/P2_staging__电站、变电所电气及设备04__panel_000.png,reject,
_P2_staging/电站、变电所电气及设备04#panel_001,_P2_staging/电站、变电所电气及设备04,1,5,train,image_components,"4058.0,1475.0,5185.0,3077.0",outputs/panels/P2/P2_staging__电站、变电所电气及设备04__panel_001.png,reject,
_P2_staging/电站、变电所电气及设备04#panel_002,_P2_staging/电站、变电所电气及设备04,2,5,train,image_components,"4103.0,3205.0,5229.0,4816.0",outputs/panels/P2/P2_staging__电站、变电所电气及设备04__panel_002.png,reject,
_P2_staging/电站、变电所电气及设备04#panel_003,_P2_staging/电站、变电所电气及设备04,3,5,train,image_components,"1320.0,3228.0,2447.0,4838.0",outputs/panels/P2/P2_staging__电站、变电所电气及设备04__panel_003.png,reject,
_P2_staging/电站、变电所电气及设备04#panel_004,_P2_staging/电站、变电所电气及设备04,4,5,train,image_components,"3497.0,6460.0,4623.0,7279.0",outputs/panels/P2/P2_staging__电站、变电所电气及设备04__panel_004.png,accept,
_P2_staging/电站、变电所电气及设备09#panel_000,_P2_staging/电站、变电所电气及设备09,0,3,val,image_components,"0.0,375.0,9362.0,6248.0",outputs/panels/P2/P2_staging__电站、变电所电气及设备09__panel_000.png,accept,
_P2_staging/电站、变电所电气及设备09#panel_001,_P2_staging/电站、变电所电气及设备09,1,3,val,image_components,"0.0,464.0,9362.0,6159.0",outputs/panels/P2/P2_staging__电站、变电所电气及设备09__panel_001.png,accept,
_P2_staging/电站、变电所电气及设备09#panel_002,_P2_staging/电站、变电所电气及设备09,2,3,val,image_components,"842.0,869.0,8995.0,5127.0",outputs/panels/P2/P2_staging__电站、变电所电气及设备09__panel_002.png,accept,
_P2_staging/电站、变电所电气及设备13#panel_000,_P2_staging/电站、变电所电气及设备13,0,8,train,image_components,"0.0,638.0,9362.0,5985.0",outputs/panels/P2/P2_staging__电站、变电所电气及设备13__panel_000.png,reject,
_P2_staging/电站、变电所电气及设备13#panel_001,_P2_staging/电站、变电所电气及设备13,1,8,train,image_components,"4448.0,756.0,6794.0,2446.0",outputs/panels/P2/P2_staging__电站、变电所电气及设备13__panel_001.png,accept,
_P2_staging/电站、变电所电气及设备13#panel_002,_P2_staging/电站、变电所电气及设备13,2,8,train,image_components,"4698.0,877.0,5570.0,2299.0",outputs/panels/P2/P2_staging__电站、变电所电气及设备13__panel_002.png,accept,
_P2_staging/电站、变电所电气及设备13#panel_003,_P2_staging/电站、变电所电气及设备13,3,8,train,image_components,"4448.0,2467.0,6794.0,4157.0",outputs/panels/P2/P2_staging__电站、变电所电气及设备13__panel_003.png,accept,
_P2_staging/电站、变电所电气及设备13#panel_004,_P2_staging/电站、变电所电气及设备13,4,8,train,image_components,"6883.0,2467.0,9229.0,4157.0",outputs/panels/P2/P2_staging__电站、变电所电气及设备13__panel_004.png,accept,
_P2_staging/电站、变电所电气及设备13#panel_005,_P2_staging/电站、变电所电气及设备13,5,8,train,image_components,"7133.0,2588.0,8032.0,4010.0",outputs/panels/P2/P2_staging__电站、变电所电气及设备13__panel_005.png,accept,
_P2_staging/电站、变电所电气及设备13#panel_006,_P2_staging/电站、变电所电气及设备13,6,8,train,image_components,"279.0,4247.0,1325.0,5630.0",outputs/panels/P2/P2_staging__电站、变电所电气及设备13__panel_006.png,reject,
_P2_staging/电站、变电所电气及设备13#panel_007,_P2_staging/电站、变电所电气及设备13,7,8,train,image_components,"2909.0,4369.0,4691.0,5396.0",outputs/panels/P2/P2_staging__电站、变电所电气及设备13__panel_007.png,accept,
_P3_staging_batch1/10KV开闭所二次原理图#panel_000,_P3_staging_batch1/10KV开闭所二次原理图,0,2,train,cad_gap,"0.0,0.0,2178.0,2063.0",outputs/panels/P3/P3_staging_batch1__10KV开闭所二次原理图__panel_000.png,reject,
_P3_staging_batch1/10KV开闭所二次原理图#panel_001,_P3_staging_batch1/10KV开闭所二次原理图,1,2,train,cad_gap,"4862.0,3568.0,9362.0,6622.0",outputs/panels/P3/P3_staging_batch1__10KV开闭所二次原理图__panel_001.png,reject,
_P3_staging_batch1/11(RCS-9661B背面接线图(四))#panel_000,_P3_staging_batch1/11(RCS-9661B背面接线图(四)),0,3,val,image_components,"294.0,0.0,9069.0,6622.0",outputs/panels/P3/P3_staging_batch1__11(RCS-9661B背面接线图(四))__panel_000.png,reject,
_P3_staging_batch1/11(RCS-9661B背面接线图(四))#panel_001,_P3_staging_batch1/11(RCS-9661B背面接线图(四)),1,3,val,image_components,"1130.0,1143.0,6834.0,2555.0",outputs/panels/P3/P3_staging_batch1__11(RCS-9661B背面接线图(四))__panel_001.png,accept,
_P3_staging_batch1/11(RCS-9661B背面接线图(四))#panel_002,_P3_staging_batch1/11(RCS-9661B背面接线图(四)),2,3,val,image_components,"1130.0,3657.0,6834.0,5069.0",outputs/panels/P3/P3_staging_batch1__11(RCS-9661B背面接线图(四))__panel_002.png,,
_P3_staging_batch1/7-8(RCS-9000保护测控一体化装置II型安装开孔图)#panel_000,_P3_staging_batch1/7-8(RCS-9000保护测控一体化装置II型安装开孔图),0,4,train,image_components,"0.0,0.0,9362.0,6622.0",outputs/panels/P3/P3_staging_batch1__7-8(RCS-9000保护测控一体化装置II型安装开孔图)__panel_000.png,accept,
_P3_staging_batch1/7-8(RCS-9000保护测控一体化装置II型安装开孔图)#panel_001,_P3_staging_batch1/7-8(RCS-9000保护测控一体化装置II型安装开孔图),1,4,train,image_components,"3680.0,497.0,5785.0,2211.0",outputs/panels/P3/P3_staging_batch1__7-8(RCS-9000保护测控一体化装置II型安装开孔图)__panel_001.png,accept,
_P3_staging_batch1/7-8(RCS-9000保护测控一体化装置II型安装开孔图)#panel_002,_P3_staging_batch1/7-8(RCS-9000保护测控一体化装置II型安装开孔图),2,4,train,image_components,"7374.0,820.0,8594.0,2731.0",outputs/panels/P3/P3_staging_batch1__7-8(RCS-9000保护测控一体化装置II型安装开孔图)__panel_002.png,accept,
_P3_staging_batch1/7-8(RCS-9000保护测控一体化装置II型安装开孔图)#panel_003,_P3_staging_batch1/7-8(RCS-9000保护测控一体化装置II型安装开孔图),3,4,train,image_components,"3909.0,2734.0,5502.0,3710.0",outputs/panels/P3/P3_staging_batch1__7-8(RCS-9000保护测控一体化装置II型安装开孔图)__panel_003.png,accept,
_P3_staging_batch1/毕棚沟3#机保护表计单线图 2#panel_000,_P3_staging_batch1/毕棚沟3#机保护表计单线图 2,0,3,test,image_components,"452.0,332.0,9023.0,6285.0",outputs/panels/P3/P3_staging_batch1__毕棚沟3#机保护表计单线图_2__panel_000.png,reject,
_P3_staging_batch1/毕棚沟3#机保护表计单线图 2#panel_001,_P3_staging_batch1/毕棚沟3#机保护表计单线图 2,1,3,test,image_components,"793.0,470.0,8882.0,6147.0",outputs/panels/P3/P3_staging_batch1__毕棚沟3#机保护表计单线图_2__panel_001.png,reject,
_P3_staging_batch1/毕棚沟3#机保护表计单线图 2#panel_002,_P3_staging_batch1/毕棚沟3#机保护表计单线图 2,2,3,test,image_components,"1431.0,781.0,6382.0,5844.0",outputs/panels/P3/P3_staging_batch1__毕棚沟3#机保护表计单线图_2__panel_002.png,reject,
_P3_staging_batch1/毕棚沟3#机厂用电接线图 7#panel_000,_P3_staging_batch1/毕棚沟3#机厂用电接线图 7,0,2,train,cad_gap,"0.0,0.0,6527.0,6622.0",outputs/panels/P3/P3_staging_batch1__毕棚沟3#机厂用电接线图_7__panel_000.png,reject,
_P3_staging_batch1/毕棚沟3#机厂用电接线图 7#panel_001,_P3_staging_batch1/毕棚沟3#机厂用电接线图 7,1,2,train,cad_gap,"7417.0,765.0,9362.0,4786.0",outputs/panels/P3/P3_staging_batch1__毕棚沟3#机厂用电接线图_7__panel_001.png,reject,
_P3_staging_batch1/铁路配电所有载调压保护#panel_000,_P3_staging_batch1/铁路配电所有载调压保护,0,6,train,image_components,"560.0,0.0,8803.0,3230.0",outputs/panels/P3/P3_staging_batch1__铁路配电所有载调压保护__panel_000.png,accept,
_P3_staging_batch1/铁路配电所有载调压保护#panel_001,_P3_staging_batch1/铁路配电所有载调压保护,1,6,train,image_components,"6340.0,158.0,6964.0,3112.0",outputs/panels/P3/P3_staging_batch1__铁路配电所有载调压保护__panel_001.png,accept,
_P3_staging_batch1/铁路配电所有载调压保护#panel_002,_P3_staging_batch1/铁路配电所有载调压保护,2,6,train,image_components,"4640.0,163.0,5514.0,2697.0",outputs/panels/P3/P3_staging_batch1__铁路配电所有载调压保护__panel_002.png,accept,
_P3_staging_batch1/铁路配电所有载调压保护#panel_003,_P3_staging_batch1/铁路配电所有载调压保护,3,6,train,image_components,"5517.0,170.0,6267.0,2703.0",outputs/panels/P3/P3_staging_batch1__铁路配电所有载调压保护__panel_003.png,accept,
_P3_staging_batch1/铁路配电所有载调压保护#panel_004,_P3_staging_batch1/铁路配电所有载调压保护,4,6,train,image_components,"561.0,3191.0,8730.0,6529.0",outputs/panels/P3/P3_staging_batch1__铁路配电所有载调压保护__panel_004.png,accept,
_P3_staging_batch1/铁路配电所有载调压保护#panel_005,_P3_staging_batch1/铁路配电所有载调压保护,5,6,train,image_components,"6202.0,3414.0,6860.0,5598.0",outputs/panels/P3/P3_staging_batch1__铁路配电所有载调压保护__panel_005.png,accept,
_P3_staging_batch1/高压异步电机保护二次原理图#panel_000,_P3_staging_batch1/高压异步电机保护二次原理图,0,8,train,image_components,"4856.0,1702.0,9362.0,4917.0",outputs/panels/P3/P3_staging_batch1__高压异步电机保护二次原理图__panel_000.png,accept,
_P3_staging_batch1/高压异步电机保护二次原理图#panel_001,_P3_staging_batch1/高压异步电机保护二次原理图,1,8,train,image_components,"0.0,1706.0,4507.0,4921.0",outputs/panels/P3/P3_staging_batch1__高压异步电机保护二次原理图__panel_001.png,accept,
_P3_staging_batch1/高压异步电机保护二次原理图#panel_002,_P3_staging_batch1/高压异步电机保护二次原理图,2,8,train,image_components,"4986.0,1753.0,9335.0,4866.0",outputs/panels/P3/P3_staging_batch1__高压异步电机保护二次原理图__panel_002.png,accept,
_P3_staging_batch1/高压异步电机保护二次原理图#panel_003,_P3_staging_batch1/高压异步电机保护二次原理图,3,8,train,image_components,"106.0,1757.0,4455.0,4870.0",outputs/panels/P3/P3_staging_batch1__高压异步电机保护二次原理图__panel_003.png,accept,
_P3_staging_batch1/高压异步电机保护二次原理图#panel_004,_P3_staging_batch1/高压异步电机保护二次原理图,4,8,train,image_components,"1208.0,1853.0,3366.0,4181.0",outputs/panels/P3/P3_staging_batch1__高压异步电机保护二次原理图__panel_004.png,accept,
_P3_staging_batch1/高压异步电机保护二次原理图#panel_005,_P3_staging_batch1/高压异步电机保护二次原理图,5,8,train,image_components,"5310.0,1905.0,5945.0,4585.0",outputs/panels/P3/P3_staging_batch1__高压异步电机保护二次原理图__panel_005.png,accept,
_P3_staging_batch1/高压异步电机保护二次原理图#panel_006,_P3_staging_batch1/高压异步电机保护二次原理图,6,8,train,image_components,"7006.0,1986.0,7874.0,3239.0",outputs/panels/P3/P3_staging_batch1__高压异步电机保护二次原理图__panel_006.png,accept,
_P3_staging_batch1/高压异步电机保护二次原理图#panel_007,_P3_staging_batch1/高压异步电机保护二次原理图,7,8,train,image_components,"228.0,3291.0,1172.0,4584.0",outputs/panels/P3/P3_staging_batch1__高压异步电机保护二次原理图__panel_007.png,accept,
_P3_staging_batch2/发-变组保护测量配置图#panel_000,_P3_staging_batch2/发-变组保护测量配置图,0,7,test,image_components,"0.0,0.0,9362.0,6622.0",outputs/panels/P3/P3_staging_batch2__发-变组保护测量配置图__panel_000.png,accept,
_P3_staging_batch2/发-变组保护测量配置图#panel_001,_P3_staging_batch2/发-变组保护测量配置图,1,7,test,image_components,"211.0,34.0,9316.0,6534.0",outputs/panels/P3/P3_staging_batch2__发-变组保护测量配置图__panel_001.png,accept,
_P3_staging_batch2/发-变组保护测量配置图#panel_002,_P3_staging_batch2/发-变组保护测量配置图,2,7,test,image_components,"552.0,619.0,4373.0,5052.0",outputs/panels/P3/P3_staging_batch2__发-变组保护测量配置图__panel_002.png,accept,
_P3_staging_batch2/发-变组保护测量配置图#panel_003,_P3_staging_batch2/发-变组保护测量配置图,3,7,test,image_components,"6409.0,919.0,9077.0,4795.0",outputs/panels/P3/P3_staging_batch2__发-变组保护测量配置图__panel_003.png,accept,
_P3_staging_batch2/发-变组保护测量配置图#panel_004,_P3_staging_batch2/发-变组保护测量配置图,4,7,test,image_components,"4496.0,958.0,5237.0,2660.0",outputs/panels/P3/P3_staging_batch2__发-变组保护测量配置图__panel_004.png,reject,
_P3_staging_batch2/发-变组保护测量配置图#panel_005,_P3_staging_batch2/发-变组保护测量配置图,5,7,test,image_components,"5119.0,996.0,6303.0,2657.0",outputs/panels/P3/P3_staging_batch2__发-变组保护测量配置图__panel_005.png,reject,
_P3_staging_batch2/发-变组保护测量配置图#panel_006,_P3_staging_batch2/发-变组保护测量配置图,6,7,test,image_components,"4534.0,4778.0,6082.0,5862.0",outputs/panels/P3/P3_staging_batch2__发-变组保护测量配置图__panel_006.png,reject,
_P3_staging_batch3/#1所用变压器在微机保护柜上的端子排(B066-500-2115)wm666.taobao.com#panel_000,_P3_staging_batch3/#1所用变压器在微机保护柜上的端子排(B066-500-2115)wm666.taobao.com,0,3,val,image_components,"1273.0,0.0,8087.0,3168.0",outputs/panels/P3/P3_staging_batch3__#1所用变压器在微机保护柜上的端子排(B066-500-2115)wm666.taobao.com__panel_000.png,reject,
_P3_staging_batch3/#1所用变压器在微机保护柜上的端子排(B066-500-2115)wm666.taobao.com#panel_001,_P3_staging_batch3/#1所用变压器在微机保护柜上的端子排(B066-500-2115)wm666.taobao.com,1,3,val,image_components,"1963.0,495.0,7022.0,1927.0",outputs/panels/P3/P3_staging_batch3__#1所用变压器在微机保护柜上的端子排(B066-500-2115)wm666.taobao.com__panel_001.png,reject,
_P3_staging_batch3/#1所用变压器在微机保护柜上的端子排(B066-500-2115)wm666.taobao.com#panel_002,_P3_staging_batch3/#1所用变压器在微机保护柜上的端子排(B066-500-2115)wm666.taobao.com,2,3,val,image_components,"1310.0,3455.0,5891.0,6622.0",outputs/panels/P3/P3_staging_batch3__#1所用变压器在微机保护柜上的端子排(B066-500-2115)wm666.taobao.com__panel_002.png,reject,
_P3_staging_batch3/#1所用变有载调压装置接线图(B066-500-2109)wm666.taobao.com#panel_000,_P3_staging_batch3/#1所用变有载调压装置接线图(B066-500-2109)wm666.taobao.com,0,6,train,image_components,"108.0,0.0,3389.0,4595.0",outputs/panels/P3/P3_staging_batch3__#1所用变有载调压装置接线图(B066-500-2109)wm666.taobao.com__panel_000.png,reject,
_P3_staging_batch3/#1所用变有载调压装置接线图(B066-500-2109)wm666.taobao.com#panel_001,_P3_staging_batch3/#1所用变有载调压装置接线图(B066-500-2109)wm666.taobao.com,1,6,train,image_components,"617.0,364.0,2285.0,1484.0",outputs/panels/P3/P3_staging_batch3__#1所用变有载调压装置接线图(B066-500-2109)wm666.taobao.com__panel_001.png,reject,
_P3_staging_batch3/#1所用变有载调压装置接线图(B066-500-2109)wm666.taobao.com#panel_002,_P3_staging_batch3/#1所用变有载调压装置接线图(B066-500-2109)wm666.taobao.com,2,6,train,image_components,"546.0,1826.0,2997.0,2867.0",outputs/panels/P3/P3_staging_batch3__#1所用变有载调压装置接线图(B066-500-2109)wm666.taobao.com__panel_002.png,reject,
_P3_staging_batch3/#1所用变有载调压装置接线图(B066-500-2109)wm666.taobao.com#panel_003,_P3_staging_batch3/#1所用变有载调压装置接线图(B066-500-2109)wm666.taobao.com,3,6,train,image_components,"54.0,4768.0,6569.0,9362.0",outputs/panels/P3/P3_staging_batch3__#1所用变有载调压装置接线图(B066-500-2109)wm666.taobao.com__panel_003.png,reject,
_P3_staging_batch3/#1所用变有载调压装置接线图(B066-500-2109)wm666.taobao.com#panel_004,_P3_staging_batch3/#1所用变有载调压装置接线图(B066-500-2109)wm666.taobao.com,4,6,train,image_components,"889.0,6218.0,2557.0,7338.0",outputs/panels/P3/P3_staging_batch3__#1所用变有载调压装置接线图(B066-500-2109)wm666.taobao.com__panel_004.png,reject,
_P3_staging_batch3/#1所用变有载调压装置接线图(B066-500-2109)wm666.taobao.com#panel_005,_P3_staging_batch3/#1所用变有载调压装置接线图(B066-500-2109)wm666.taobao.com,5,6,train,image_components,"3517.0,6296.0,5968.0,7336.0",outputs/panels/P3/P3_staging_batch3__#1所用变有载调压装置接线图(B066-500-2109)wm666.taobao.com__panel_005.png,reject,
_P3_staging_batch3/02-10kV配电装置室平面布置图wm666.taobao.com#panel_000,_P3_staging_batch3/02-10kV配电装置室平面布置图wm666.taobao.com,0,4,train,image_components,"1401.0,7.0,6622.0,2990.0",outputs/panels/P3/P3_staging_batch3__02-10kV配电装置室平面布置图wm666.taobao.com__panel_000.png,accept,
_P3_staging_batch3/02-10kV配电装置室平面布置图wm666.taobao.com#panel_001,_P3_staging_batch3/02-10kV配电装置室平面布置图wm666.taobao.com,1,4,train,image_components,"1959.0,629.0,4530.0,2097.0",outputs/panels/P3/P3_staging_batch3__02-10kV配电装置室平面布置图wm666.taobao.com__panel_001.png,accept,
_P3_staging_batch3/02-10kV配电装置室平面布置图wm666.taobao.com#panel_002,_P3_staging_batch3/02-10kV配电装置室平面布置图wm666.taobao.com,2,4,train,image_components,"0.0,5980.0,6622.0,8963.0",outputs/panels/P3/P3_staging_batch3__02-10kV配电装置室平面布置图wm666.taobao.com__panel_002.png,accept,
_P3_staging_batch3/02-10kV配电装置室平面布置图wm666.taobao.com#panel_003,_P3_staging_batch3/02-10kV配电装置室平面布置图wm666.taobao.com,3,4,train,image_components,"586.0,6602.0,4405.0,8070.0",outputs/panels/P3/P3_staging_batch3__02-10kV配电装置室平面布置图wm666.taobao.com__panel_003.png,accept,
_P3_staging_batch3/500kV二滩I线路在监控屏上的端子排(B066-500-0415)wm666.taobao.com#panel_000,_P3_staging_batch3/500kV二滩I线路在监控屏上的端子排(B066-500-0415)wm666.taobao.com,0,3,train,image_components,"1205.0,0.0,8158.0,3273.0",outputs/panels/P3/P3_staging_batch3__500kV二滩I线路在监控屏上的端子排(B066-500-0415)wm666.taobao.com__panel_000.png,accept,
_P3_staging_batch3/500kV二滩I线路在监控屏上的端子排(B066-500-0415)wm666.taobao.com#panel_001,_P3_staging_batch3/500kV二滩I线路在监控屏上的端子排(B066-500-0415)wm666.taobao.com,1,3,train,image_components,"1735.0,612.0,7569.0,2212.0",outputs/panels/P3/P3_staging_batch3__500kV二滩I线路在监控屏上的端子排(B066-500-0415)wm666.taobao.com__panel_001.png,accept,
_P3_staging_batch3/500kV二滩I线路在监控屏上的端子排(B066-500-0415)wm666.taobao.com#panel_002,_P3_staging_batch3/500kV二滩I线路在监控屏上的端子排(B066-500-0415)wm666.taobao.com,2,3,train,image_components,"1274.0,3350.0,5919.0,6622.0",outputs/panels/P3/P3_staging_batch3__500kV二滩I线路在监控屏上的端子排(B066-500-0415)wm666.taobao.com__panel_002.png,accept,
_P3_staging_batch3/500kV母线侧断路器(13WDL)在监控柜上的端子排(B066-500-1503)wm666.taobao.com#panel_000,_P3_staging_batch3/500kV母线侧断路器(13WDL)在监控柜上的端子排(B066-500-1503)wm666.taobao.com,0,3,train,image_components,"1290.0,0.0,8073.0,3193.0",outputs/panels/P3/P3_staging_batch3__500kV母线侧断路器(13WDL)在监控柜上的端子排(B066-500-1503)wm666.taobao.com__panel_000.png,accept,
_P3_staging_batch3/500kV母线侧断路器(13WDL)在监控柜上的端子排(B066-500-1503)wm666.taobao.com#panel_001,_P3_staging_batch3/500kV母线侧断路器(13WDL)在监控柜上的端子排(B066-500-1503)wm666.taobao.com,1,3,train,image_components,"1836.0,1101.0,7907.0,2203.0",outputs/panels/P3/P3_staging_batch3__500kV母线侧断路器(13WDL)在监控柜上的端子排(B066-500-1503)wm666.taobao.com__panel_001.png,accept,
_P3_staging_batch3/500kV母线侧断路器(13WDL)在监控柜上的端子排(B066-500-1503)wm666.taobao.com#panel_002,_P3_staging_batch3/500kV母线侧断路器(13WDL)在监控柜上的端子排(B066-500-1503)wm666.taobao.com,2,3,train,image_components,"1364.0,3430.0,5894.0,6622.0",outputs/panels/P3/P3_staging_batch3__500kV母线侧断路器(13WDL)在监控柜上的端子排(B066-500-1503)wm666.taobao.com__panel_002.png,accept,
_P3_staging_batch3/500kV线路在监控柜上的端子排(B080-500-1406)wm666.taobao.com#panel_000,_P3_staging_batch3/500kV线路在监控柜上的端子排(B080-500-1406)wm666.taobao.com,0,4,train,image_components,"1269.0,0.0,8094.0,3213.0",outputs/panels/P3/P3_staging_batch3__500kV线路在监控柜上的端子排(B080-500-1406)wm666.taobao.com__panel_000.png,accept,
_P3_staging_batch3/500kV线路在监控柜上的端子排(B080-500-1406)wm666.taobao.com#panel_001,_P3_staging_batch3/500kV线路在监控柜上的端子排(B080-500-1406)wm666.taobao.com,1,4,train,image_components,"2155.0,556.0,7331.0,2153.0",outputs/panels/P3/P3_staging_batch3__500kV线路在监控柜上的端子排(B080-500-1406)wm666.taobao.com__panel_001.png,accept,
_P3_staging_batch3/500kV线路在监控柜上的端子排(B080-500-1406)wm666.taobao.com#panel_002,_P3_staging_batch3/500kV线路在监控柜上的端子排(B080-500-1406)wm666.taobao.com,2,4,train,image_components,"1310.0,3410.0,5868.0,6622.0",outputs/panels/P3/P3_staging_batch3__500kV线路在监控柜上的端子排(B080-500-1406)wm666.taobao.com__panel_002.png,accept,
_P3_staging_batch3/500kV线路在监控柜上的端子排(B080-500-1406)wm666.taobao.com#panel_003,_P3_staging_batch3/500kV线路在监控柜上的端子排(B080-500-1406)wm666.taobao.com,3,4,train,image_components,"1661.0,4193.0,5684.0,5481.0",outputs/panels/P3/P3_staging_batch3__500kV线路在监控柜上的端子排(B080-500-1406)wm666.taobao.com__panel_003.png,accept,
_P3_staging_batch3/D-05 #1发电机主回路电气接线图wm666.taobao.com#panel_000,_P3_staging_batch3/D-05 #1发电机主回路电气接线图wm666.taobao.com,0,1,val,candidate_full_fallback,"0.0,0.0,9362.0,6622.0",datas/qa_and_png/P3_oda_output/D-05 #1发电机主回路电气接线图wm666.taobao.com.png,reject,
_P3_staging_batch3/D-06 #2发电机主回路电气接线图wm666.taobao.com#panel_000,_P3_staging_batch3/D-06 #2发电机主回路电气接线图wm666.taobao.com,0,1,train,candidate_full_fallback,"0.0,0.0,9362.0,6622.0",datas/qa_and_png/P3_oda_output/D-06 #2发电机主回路电气接线图wm666.taobao.com.png,reject,
_P3_staging_batch3/D-07 #3发电机主回路电气接线图wm666.taobao.com#panel_000,_P3_staging_batch3/D-07 #3发电机主回路电气接线图wm666.taobao.com,0,1,train,candidate_full_fallback,"0.0,0.0,9362.0,6622.0",datas/qa_and_png/P3_oda_output/D-07 #3发电机主回路电气接线图wm666.taobao.com.png,reject,
_P3_staging_batch3/D-08 #4发电机主回路电气接线图wm666.taobao.com#panel_000,_P3_staging_batch3/D-08 #4发电机主回路电气接线图wm666.taobao.com,0,1,train,candidate_full_fallback,"0.0,0.0,9362.0,6622.0",datas/qa_and_png/P3_oda_output/D-08 #4发电机主回路电气接线图wm666.taobao.com.png,reject,
_P3_staging_batch3/PE14-3113S 木渎金枫路架空入地10KV电缆工程#panel_000,_P3_staging_batch3/PE14-3113S 木渎金枫路架空入地10KV电缆工程,0,1,train,candidate_full_fallback,"0.0,0.0,9362.0,6619.0",datas/qa_and_png/P3_oda_output/PE14-3113S 木渎金枫路架空入地10KV电缆工程.png,reject,
_P3_staging_batch3/大型小区10KV变配电工程全套施工图纸（系统图、完整大样图）wm666.taobao.com#panel_000,_P3_staging_batch3/大型小区10KV变配电工程全套施工图纸（系统图、完整大样图）wm666.taobao.com,0,1,train,candidate_full_fallback,"0.0,0.0,6622.0,9362.0",datas/qa_and_png/P3_oda_output/大型小区10KV变配电工程全套施工图纸（系统图、完整大样图）wm666.taobao.com.png,reject,
_P3_staging_batch3/电缆沟断面图wm666.taobao.com#panel_000,_P3_staging_batch3/电缆沟断面图wm666.taobao.com,0,2,train,cad_gap,"3749.0,5420.0,9362.0,6622.0",outputs/panels/P3/P3_staging_batch3__电缆沟断面图wm666.taobao.com__panel_000.png,reject,
_P3_staging_batch3/电缆沟断面图wm666.taobao.com#panel_001,_P3_staging_batch3/电缆沟断面图wm666.taobao.com,1,2,train,cad_gap,"0.0,0.0,9162.0,4082.0",outputs/panels/P3/P3_staging_batch3__电缆沟断面图wm666.taobao.com__panel_001.png,reject,
_P3_staging_batch4/002 主厂房厂用电接线图#panel_000,_P3_staging_batch4/002 主厂房厂用电接线图,0,1,train,candidate_full_fallback,"0.0,0.0,9362.0,6622.0",datas/qa_and_png/P3_oda_output/002 主厂房厂用电接线图.png,reject,
_P3_staging_batch4/003 #1机厂用电接线图#panel_000,_P3_staging_batch4/003 #1机厂用电接线图,0,1,train,candidate_full_fallback,"0.0,0.0,9362.0,6622.0",datas/qa_and_png/P3_oda_output/003 #1机厂用电接线图.png,reject,
_P3_staging_batch4/004 #1机组主厂房6kV  1A段一次接线图#panel_000,_P3_staging_batch4/004 #1机组主厂房6kV  1A段一次接线图,0,1,train,candidate_full_fallback,"0.0,0.0,9362.0,6622.0",datas/qa_and_png/P3_oda_output/004 #1机组主厂房6kV  1A段一次接线图.png,reject,
_P3_staging_batch4/005 #1机组主厂房6kV  1B段 一次接线图#panel_000,_P3_staging_batch4/005 #1机组主厂房6kV  1B段 一次接线图,0,1,train,candidate_full_fallback,"0.0,0.0,9362.0,6622.0",datas/qa_and_png/P3_oda_output/005 #1机组主厂房6kV  1B段 一次接线图.png,reject,
_P3_staging_batch4/006 #1机组主厂房6kV  1C段一次接线图#panel_000,_P3_staging_batch4/006 #1机组主厂房6kV  1C段一次接线图,0,1,val,candidate_full_fallback,"0.0,0.0,9362.0,6622.0",datas/qa_and_png/P3_oda_output/006 #1机组主厂房6kV  1C段一次接线图.png,reject,
_P3_staging_batch4/009 脱硫岛6KV系统PW-I段I配置接线图#panel_000,_P3_staging_batch4/009 脱硫岛6KV系统PW-I段I配置接线图,0,1,train,candidate_full_fallback,"0.0,0.0,9362.0,6622.0",datas/qa_and_png/P3_oda_output/009 脱硫岛6KV系统PW-I段I配置接线图.png,reject,
_P3_staging_batch4/010 脱硫6KV系统PW-II段I配置接线图#panel_000,_P3_staging_batch4/010 脱硫6KV系统PW-II段I配置接线图,0,1,train,candidate_full_fallback,"0.0,0.0,9362.0,6622.0",datas/qa_and_png/P3_oda_output/010 脱硫6KV系统PW-II段I配置接线图.png,reject,
_P3_staging_batch4/035 220V直流系统接线图#panel_000,_P3_staging_batch4/035 220V直流系统接线图,0,1,train,candidate_full_fallback,"0.0,0.0,9362.0,6622.0",datas/qa_and_png/P3_oda_output/035 220V直流系统接线图.png,reject,
_P3_staging_batch4/036 #1机220V直流馈线接线图（1）#panel_000,_P3_staging_batch4/036 #1机220V直流馈线接线图（1）,0,1,val,candidate_full_fallback,"0.0,0.0,9362.0,6622.0",datas/qa_and_png/P3_oda_output/036 #1机220V直流馈线接线图（1）.png,reject,
_P3_staging_batch4/037 #1机220V直流馈线接线图（2）#panel_000,_P3_staging_batch4/037 #1机220V直流馈线接线图（2）,0,1,train,candidate_full_fallback,"0.0,0.0,9362.0,6622.0",datas/qa_and_png/P3_oda_output/037 #1机220V直流馈线接线图（2）.png,reject,
_P3_staging_batch4/038 110V直流系统接线图#panel_000,_P3_staging_batch4/038 110V直流系统接线图,0,1,train,candidate_full_fallback,"0.0,0.0,9362.0,6622.0",datas/qa_and_png/P3_oda_output/038 110V直流系统接线图.png,reject,
_P3_staging_batch4/039 #1机110v A段直流馈线屏I接线图#panel_000,_P3_staging_batch4/039 #1机110v A段直流馈线屏I接线图,0,1,train,candidate_full_fallback,"0.0,0.0,9362.0,6622.0",datas/qa_and_png/P3_oda_output/039 #1机110v A段直流馈线屏I接线图.png,reject,
_P3_staging_batch4/040 #1机110v A段直流馈线屏II接线图#panel_000,_P3_staging_batch4/040 #1机110v A段直流馈线屏II接线图,0,1,train,candidate_full_fallback,"0.0,0.0,9362.0,6622.0",datas/qa_and_png/P3_oda_output/040 #1机110v A段直流馈线屏II接线图.png,reject,
_P3_staging_batch4/041 #1机110v A段直流馈线屏III接线图#panel_000,_P3_staging_batch4/041 #1机110v A段直流馈线屏III接线图,0,1,train,candidate_full_fallback,"0.0,0.0,9362.0,6622.0",datas/qa_and_png/P3_oda_output/041 #1机110v A段直流馈线屏III接线图.png,reject,
_P3_staging_batch4/042 #1机110v B段直流馈线屏I接线图#panel_000,_P3_staging_batch4/042 #1机110v B段直流馈线屏I接线图,0,1,train,candidate_full_fallback,"0.0,0.0,9362.0,6622.0",datas/qa_and_png/P3_oda_output/042 #1机110v B段直流馈线屏I接线图.png,reject,
_P3_staging_batch4/043 #1机110v B段直流馈线屏II接线图#panel_000,_P3_staging_batch4/043 #1机110v B段直流馈线屏II接线图,0,1,train,candidate_full_fallback,"0.0,0.0,9362.0,6622.0",datas/qa_and_png/P3_oda_output/043 #1机110v B段直流馈线屏II接线图.png,reject,
_P3_staging_batch4/044 #1机110v B段直流馈线屏III接线图#panel_000,_P3_staging_batch4/044 #1机110v B段直流馈线屏III接线图,0,1,train,candidate_full_fallback,"0.0,0.0,9362.0,6622.0",datas/qa_and_png/P3_oda_output/044 #1机110v B段直流馈线屏III接线图.png,reject,
_P3_staging_batch4/054 #1机UPS电源A配电屏接线图#panel_000,_P3_staging_batch4/054 #1机UPS电源A配电屏接线图,0,1,train,candidate_full_fallback,"0.0,0.0,9362.0,6622.0",datas/qa_and_png/P3_oda_output/054 #1机UPS电源A配电屏接线图.png,reject,
_P3_staging_batch4/055 #1机UPS电源B配电屏接线图#panel_000,_P3_staging_batch4/055 #1机UPS电源B配电屏接线图,0,1,train,candidate_full_fallback,"0.0,0.0,9362.0,6622.0",datas/qa_and_png/P3_oda_output/055 #1机UPS电源B配电屏接线图.png,reject,
_P3_staging_batch4/056 继电器楼110V直流系统接线图#panel_000,_P3_staging_batch4/056 继电器楼110V直流系统接线图,0,1,test,candidate_full_fallback,"0.0,0.0,9362.0,6622.0",datas/qa_and_png/P3_oda_output/056 继电器楼110V直流系统接线图.png,reject,
_P3_staging_batch4/059 110V直流A段馈线接线图（1）#panel_000,_P3_staging_batch4/059 110V直流A段馈线接线图（1）,0,1,train,candidate_full_fallback,"0.0,0.0,9362.0,6622.0",datas/qa_and_png/P3_oda_output/059 110V直流A段馈线接线图（1）.png,reject,
_P3_staging_batch4/060 110V直流A段馈线接线图（2）#panel_000,_P3_staging_batch4/060 110V直流A段馈线接线图（2）,0,1,train,candidate_full_fallback,"0.0,0.0,9362.0,6622.0",datas/qa_and_png/P3_oda_output/060 110V直流A段馈线接线图（2）.png,reject,
_P3_staging_batch4/061 110V直流B段馈线接线图（1）#panel_000,_P3_staging_batch4/061 110V直流B段馈线接线图（1）,0,1,train,candidate_full_fallback,"0.0,0.0,9362.0,6622.0",datas/qa_and_png/P3_oda_output/061 110V直流B段馈线接线图（1）.png,reject,
_P3_staging_batch4/10KV配网设计块图#panel_000,_P3_staging_batch4/10KV配网设计块图,0,6,train,image_components,"3697.0,1148.0,6367.0,3047.0",outputs/panels/P3/P3_staging_batch4__10KV配网设计块图__panel_000.png,accept,
_P3_staging_batch4/10KV配网设计块图#panel_001,_P3_staging_batch4/10KV配网设计块图,1,6,train,image_components,"898.0,1150.0,3568.0,3049.0",outputs/panels/P3/P3_staging_batch4__10KV配网设计块图__panel_001.png,accept,
_P3_staging_batch4/10KV配网设计块图#panel_002,_P3_staging_batch4/10KV配网设计块图,2,6,train,image_components,"1217.0,1434.0,2455.0,2378.0",outputs/panels/P3/P3_staging_batch4__10KV配网设计块图__panel_002.png,accept,
_P3_staging_batch4/10KV配网设计块图#panel_003,_P3_staging_batch4/10KV配网设计块图,3,6,train,image_components,"6690.0,3067.0,9360.0,4966.0",outputs/panels/P3/P3_staging_batch4__10KV配网设计块图__panel_003.png,accept,
_P3_staging_batch4/10KV配网设计块图#panel_004,_P3_staging_batch4/10KV配网设计块图,4,6,train,image_components,"894.0,3103.0,3564.0,5003.0",outputs/panels/P3/P3_staging_batch4__10KV配网设计块图__panel_004.png,accept,
_P3_staging_batch4/10KV配网设计块图#panel_005,_P3_staging_batch4/10KV配网设计块图,5,6,train,image_components,"3699.0,3104.0,6369.0,5003.0",outputs/panels/P3/P3_staging_batch4__10KV配网设计块图__panel_005.png,accept,
_P3_staging_batch4/10kv系统单线图#panel_000,_P3_staging_batch4/10kv系统单线图,0,6,train,image_components,"0.0,0.0,9362.0,6622.0",outputs/panels/P3/P3_staging_batch4__10kv系统单线图__panel_000.png,accept,
_P3_staging_batch4/10kv系统单线图#panel_001,_P3_staging_batch4/10kv系统单线图,1,6,train,image_components,"180.0,40.0,9348.0,6583.0",outputs/panels/P3/P3_staging_batch4__10kv系统单线图__panel_001.png,accept,
_P3_staging_batch4/10kv系统单线图#panel_002,_P3_staging_batch4/10kv系统单线图,2,6,train,image_components,"666.0,709.0,9045.0,4532.0",outputs/panels/P3/P3_staging_batch4__10kv系统单线图__panel_002.png,accept,
_P3_staging_batch4/10kv系统单线图#panel_003,_P3_staging_batch4/10kv系统单线图,3,6,train,image_components,"2522.0,5107.0,4296.0,6118.0",outputs/panels/P3/P3_staging_batch4__10kv系统单线图__panel_003.png,reject,
_P3_staging_batch4/10kv系统单线图#panel_004,_P3_staging_batch4/10kv系统单线图,4,6,train,image_components,"4440.0,5107.0,6751.0,6076.0",outputs/panels/P3/P3_staging_batch4__10kv系统单线图__panel_004.png,accept,
_P3_staging_batch4/10kv系统单线图#panel_005,_P3_staging_batch4/10kv系统单线图,5,6,train,image_components,"606.0,5238.0,2294.0,6200.0",outputs/panels/P3/P3_staging_batch4__10kv系统单线图__panel_005.png,accept,
_P3_staging_batch4/DDC接线图#panel_000,_P3_staging_batch4/DDC接线图,0,12,train,image_components,"1225.0,21.0,3258.0,1471.0",outputs/panels/P3/P3_staging_batch4__DDC接线图__panel_000.png,reject,
_P3_staging_batch4/DDC接线图#panel_001,_P3_staging_batch4/DDC接线图,1,12,train,image_components,"3365.0,21.0,5398.0,1471.0",outputs/panels/P3/P3_staging_batch4__DDC接线图__panel_001.png,reject,
_P3_staging_batch4/DDC接线图#panel_002,_P3_staging_batch4/DDC接线图,2,12,train,image_components,"1225.0,1595.0,3258.0,3045.0",outputs/panels/P3/P3_staging_batch4__DDC接线图__panel_002.png,reject,
_P3_staging_batch4/DDC接线图#panel_003,_P3_staging_batch4/DDC接线图,3,12,train,image_components,"3365.0,1595.0,5398.0,3045.0",outputs/panels/P3/P3_staging_batch4__DDC接线图__panel_003.png,reject,
_P3_staging_batch4/DDC接线图#panel_004,_P3_staging_batch4/DDC接线图,4,12,train,image_components,"1225.0,3169.0,3258.0,4619.0",outputs/panels/P3/P3_staging_batch4__DDC接线图__panel_004.png,reject,
_P3_staging_batch4/DDC接线图#panel_005,_P3_staging_batch4/DDC接线图,5,12,train,image_components,"3365.0,3169.0,5398.0,4619.0",outputs/panels/P3/P3_staging_batch4__DDC接线图__panel_005.png,reject,
_P3_staging_batch4/DDC接线图#panel_006,_P3_staging_batch4/DDC接线图,6,12,train,image_components,"1225.0,4744.0,3258.0,6194.0",outputs/panels/P3/P3_staging_batch4__DDC接线图__panel_006.png,reject,
_P3_staging_batch4/DDC接线图#panel_007,_P3_staging_batch4/DDC接线图,7,12,train,image_components,"3365.0,4744.0,5398.0,6194.0",outputs/panels/P3/P3_staging_batch4__DDC接线图__panel_007.png,reject,
_P3_staging_batch4/DDC接线图#panel_008,_P3_staging_batch4/DDC接线图,8,12,train,image_components,"1225.0,6318.0,3258.0,7768.0",outputs/panels/P3/P3_staging_batch4__DDC接线图__panel_008.png,reject,
_P3_staging_batch4/DDC接线图#panel_009,_P3_staging_batch4/DDC接线图,9,12,train,image_components,"3365.0,6318.0,5398.0,7768.0",outputs/panels/P3/P3_staging_batch4__DDC接线图__panel_009.png,,
_P3_staging_batch4/DDC接线图#panel_010,_P3_staging_batch4/DDC接线图,10,12,train,image_components,"1225.0,7892.0,3258.0,9342.0",outputs/panels/P3/P3_staging_batch4__DDC接线图__panel_010.png,reject,
_P3_staging_batch4/DDC接线图#panel_011,_P3_staging_batch4/DDC接线图,11,12,train,image_components,"3365.0,7892.0,5398.0,9342.0",outputs/panels/P3/P3_staging_batch4__DDC接线图__panel_011.png,reject,
_P3_staging_batch4/供电设计院设计10KV电缆管群图#panel_000,_P3_staging_batch4/供电设计院设计10KV电缆管群图,0,2,train,image_components,"1858.0,212.0,6622.0,2959.0",outputs/panels/P3/P3_staging_batch4__供电设计院设计10KV电缆管群图__panel_000.png,reject,
_P3_staging_batch4/供电设计院设计10KV电缆管群图#panel_001,_P3_staging_batch4/供电设计院设计10KV电缆管群图,1,2,train,image_components,"0.0,7531.0,2239.0,9134.0",outputs/panels/P3/P3_staging_batch4__供电设计院设计10KV电缆管群图__panel_001.png,reject,
_P3_staging_batch4/发电机保护屏端子图#panel_000,_P3_staging_batch4/发电机保护屏端子图,0,7,train,image_components,"4360.0,1527.0,9362.0,5096.0",outputs/panels/P3/P3_staging_batch4__发电机保护屏端子图__panel_000.png,accept,
_P3_staging_batch4/发电机保护屏端子图#panel_001,_P3_staging_batch4/发电机保护屏端子图,1,7,train,image_components,"4506.0,1585.0,9335.0,5038.0",outputs/panels/P3/P3_staging_batch4__发电机保护屏端子图__panel_001.png,accept,
_P3_staging_batch4/发电机保护屏端子图#panel_002,_P3_staging_batch4/发电机保护屏端子图,2,7,train,image_components,"6359.0,1661.0,7335.0,4883.0",outputs/panels/P3/P3_staging_batch4__发电机保护屏端子图__panel_002.png,accept,
_P3_staging_batch4/发电机保护屏端子图#panel_003,_P3_staging_batch4/发电机保护屏端子图,3,7,train,image_components,"7736.0,1663.0,8620.0,4547.0",outputs/panels/P3/P3_staging_batch4__发电机保护屏端子图__panel_003.png,accept,
_P3_staging_batch4/发电机保护屏端子图#panel_004,_P3_staging_batch4/发电机保护屏端子图,4,7,train,image_components,"5053.0,1790.0,5874.0,3442.0",outputs/panels/P3/P3_staging_batch4__发电机保护屏端子图__panel_004.png,accept,
_P3_staging_batch4/发电机保护屏端子图#panel_005,_P3_staging_batch4/发电机保护屏端子图,5,7,train,image_components,"136.0,2050.0,3500.0,4471.0",outputs/panels/P3/P3_staging_batch4__发电机保护屏端子图__panel_005.png,accept,
_P3_staging_batch4/发电机保护屏端子图#panel_006,_P3_staging_batch4/发电机保护屏端子图,6,7,train,image_components,"335.0,2888.0,3329.0,3542.0",outputs/panels/P3/P3_staging_batch4__发电机保护屏端子图__panel_006.png,accept,
_P3_staging_batch4/某学校系统图及接线图#panel_000,_P3_staging_batch4/某学校系统图及接线图,0,5,train,image_components,"16.0,1551.0,1825.0,2844.0",outputs/panels/P3/P3_staging_batch4__某学校系统图及接线图__panel_000.png,accept,
_P3_staging_batch4/某学校系统图及接线图#panel_001,_P3_staging_batch4/某学校系统图及接线图,1,5,train,image_components,"1881.0,1551.0,3690.0,2844.0",outputs/panels/P3/P3_staging_batch4__某学校系统图及接线图__panel_001.png,accept,
_P3_staging_batch4/某学校系统图及接线图#panel_002,_P3_staging_batch4/某学校系统图及接线图,2,5,train,image_components,"3730.0,1551.0,5539.0,2844.0",outputs/panels/P3/P3_staging_batch4__某学校系统图及接线图__panel_002.png,accept,
_P3_staging_batch4/某学校系统图及接线图#panel_003,_P3_staging_batch4/某学校系统图及接线图,3,5,train,image_components,"5608.0,1551.0,7417.0,2844.0",outputs/panels/P3/P3_staging_batch4__某学校系统图及接线图__panel_003.png,accept,
_P3_staging_batch4/某学校系统图及接线图#panel_004,_P3_staging_batch4/某学校系统图及接线图,4,5,train,image_components,"7417.0,1551.0,9226.0,2844.0",outputs/panels/P3/P3_staging_batch4__某学校系统图及接线图__panel_004.png,accept,