panel_id,parent_drawing_key,split,phase,batch,panel_index,panel_count,split_method,panel_png_path,panel_bbox_cad,parent_normalized_json_path,parent_topology_v0_json_path,topology_v1_panel_json_path,status,error,panel_entity_count,base_segment_count,split_segment_count,intersection_count,split_event_count,split_short_segments,v1_node_count,v1_edge_count,v1_net_count,v1_isolated_edge_ratio,v1_largest_net_edge_ratio,effective_endpoint_tolerance,quality_flags
_P1_staging/#2主变220kV侧DL机构二次接线图(B066-500-0301)wm666.taobao.com#panel_000,_P1_staging/#2主变220kV侧DL机构二次接线图(B066-500-0301)wm666.taobao.com,train,P1,_P1_staging,0,1,full,datas/qa_and_png/P1_oda_output/#2主变220kV侧DL机构二次接线图(B066-500-0301)wm666.taobao.com.png,"-25.0,-344.0539,1250.8419,558.7291",outputs/normalized_geometry/_P1_staging/#2主变220kV侧DL机构二次接线图(B066-500-0301)wm666.taobao.com.normalized.json,outputs/topology_graph/_P1_staging/#2主变220kV侧DL机构二次接线图(B066-500-0301)wm666.taobao.com.topology.v0.json,outputs/topology_panel_v1_sample/_P1_staging/#2主变220kV侧DL机构二次接线图(B066-500-0301)wm666.taobao.com#panel_000.topology.v1.json,ok,,3198,2067,3975,1218,1995,9,3452,3812,385,0.0727,0.1002,0.7815,high_fragmentation
_P1_staging/#2主变220kV侧DL端子箱二次安装图(B066-500-0308)wm666.taobao.com#panel_000,_P1_staging/#2主变220kV侧DL端子箱二次安装图(B066-500-0308)wm666.taobao.com,train,P1,_P1_staging,0,1,full,datas/qa_and_png/P1_oda_output/#2主变220kV侧DL端子箱二次安装图(B066-500-0308)wm666.taobao.com.png,"-49.3622,-347.2136,806.3731,558.8364",outputs/normalized_geometry/_P1_staging/#2主变220kV侧DL端子箱二次安装图(B066-500-0308)wm666.taobao.com.normalized.json,outputs/topology_graph/_P1_staging/#2主变220kV侧DL端子箱二次安装图(B066-500-0308)wm666.taobao.com.topology.v0.json,outputs/topology_panel_v1_sample/_P1_staging/#2主变220kV侧DL端子箱二次安装图(B066-500-0308)wm666.taobao.com#panel_000.topology.v1.json,ok,,7147,5939,18360,13804,18555,2,8456,18229,119,0.002,0.2307,0.6231,
_P1_staging/#2主变35kV侧DL机构二次接线图(B066-500-0304)wm666.taobao.com#panel_000,_P1_staging/#2主变35kV侧DL机构二次接线图(B066-500-0304)wm666.taobao.com,train,P1,_P1_staging,0,1,full,datas/qa_and_png/P1_oda_output/#2主变35kV侧DL机构二次接线图(B066-500-0304)wm666.taobao.com.png,"-25.0,-350.2307,816.6342,559.2234",outputs/normalized_geometry/_P1_staging/#2主变35kV侧DL机构二次接线图(B066-500-0304)wm666.taobao.com.normalized.json,outputs/topology_graph/_P1_staging/#2主变35kV侧DL机构二次接线图(B066-500-0304)wm666.taobao.com.topology.v0.json,outputs/topology_panel_v1_sample/_P1_staging/#2主变35kV侧DL机构二次接线图(B066-500-0304)wm666.taobao.com#panel_000.topology.v1.json,ok,,3410,2087,2790,525,750,19,3041,2663,563,0.1363,0.065,0.6196,high_fragmentation
_P1_staging/#2主变35kV侧DL端子箱二次安装图(B066-500-0309)wm666.taobao.com#panel_000,_P1_staging/#2主变35kV侧DL端子箱二次安装图(B066-500-0309)wm666.taobao.com,train,P1,_P1_staging,0,1,full,datas/qa_and_png/P1_oda_output/#2主变35kV侧DL端子箱二次安装图(B066-500-0309)wm666.taobao.com.png,"-28.0934,-327.3572,584.2392,396.7494",outputs/normalized_geometry/_P1_staging/#2主变35kV侧DL端子箱二次安装图(B066-500-0309)wm666.taobao.com.normalized.json,outputs/topology_graph/_P1_staging/#2主变35kV侧DL端子箱二次安装图(B066-500-0309)wm666.taobao.com.topology.v0.json,outputs/topology_panel_v1_sample/_P1_staging/#2主变35kV侧DL端子箱二次安装图(B066-500-0309)wm666.taobao.com#panel_000.topology.v1.json,ok,,3131,2464,7801,4835,6554,0,4002,7779,19,0.0004,0.2508,0.4742,
_P1_staging/#2主变500kV侧PT二次接线和安装图(B066-500-0307)wm666.taobao.com#panel_000,_P1_staging/#2主变500kV侧PT二次接线和安装图(B066-500-0307)wm666.taobao.com,train,P1,_P1_staging,0,1,full,datas/qa_and_png/P1_oda_output/#2主变500kV侧PT二次接线和安装图(B066-500-0307)wm666.taobao.com.png,"-25.2328,-334.7819,559.0,389.1462",outputs/normalized_geometry/_P1_staging/#2主变500kV侧PT二次接线和安装图(B066-500-0307)wm666.taobao.com.normalized.json,outputs/topology_graph/_P1_staging/#2主变500kV侧PT二次接线和安装图(B066-500-0307)wm666.taobao.com.topology.v0.json,outputs/topology_panel_v1_sample/_P1_staging/#2主变500kV侧PT二次接线和安装图(B066-500-0307)wm666.taobao.com#panel_000.topology.v1.json,ok,,1602,1299,3787,1702,2582,20,2564,3569,67,0.0126,0.3488,0.4651,
_P1_staging/#2主变录波柜二次接线图(B066-500-0215)wm666.taobao.com#panel_000,_P1_staging/#2主变录波柜二次接线图(B066-500-0215)wm666.taobao.com,train,P1,_P1_staging,0,1,full,datas/qa_and_png/P1_oda_output/#2主变录波柜二次接线图(B066-500-0215)wm666.taobao.com.png,"-26.9006,-336.1797,542.2498,384.3762",outputs/normalized_geometry/_P1_staging/#2主变录波柜二次接线图(B066-500-0215)wm666.taobao.com.normalized.json,outputs/topology_graph/_P1_staging/#2主变录波柜二次接线图(B066-500-0215)wm666.taobao.com.topology.v0.json,outputs/topology_panel_v1_sample/_P1_staging/#2主变录波柜二次接线图(B066-500-0215)wm666.taobao.com#panel_000.topology.v1.json,ok,,1520,938,1968,828,1078,4,1813,1927,200,0.0239,0.1012,0.4591,high_fragmentation
_P1_staging/#2主变录波柜端子排图(B066-500-0219)wm666.taobao.com#panel_000,_P1_staging/#2主变录波柜端子排图(B066-500-0219)wm666.taobao.com,train,P1,_P1_staging,0,1,full,datas/qa_and_png/P1_oda_output/#2主变录波柜端子排图(B066-500-0219)wm666.taobao.com.png,"-25.0,-340.2083,1691.385,1643.4128",outputs/normalized_geometry/_P1_staging/#2主变录波柜端子排图(B066-500-0219)wm666.taobao.com.normalized.json,outputs/topology_graph/_P1_staging/#2主变录波柜端子排图(B066-500-0219)wm666.taobao.com.topology.v0.json,outputs/topology_panel_v1_sample/_P1_staging/#2主变录波柜端子排图(B066-500-0219)wm666.taobao.com#panel_000.topology.v1.json,ok,,3273,1322,6756,3710,5510,0,3879,6750,12,0.0,0.1345,1.0,high_fragmentation
_P1_staging/#2主变本体总控制箱端子排图(B066-500-0310)wm666.taobao.com#panel_000,_P1_staging/#2主变本体总控制箱端子排图(B066-500-0310)wm666.taobao.com,train,P1,_P1_staging,0,1,full,datas/qa_and_png/P1_oda_output/#2主变本体总控制箱端子排图(B066-500-0310)wm666.taobao.com.png,"-26.2262,-320.869,818.7589,541.923",outputs/normalized_geometry/_P1_staging/#2主变本体总控制箱端子排图(B066-500-0310)wm666.taobao.com.normalized.json,outputs/topology_graph/_P1_staging/#2主变本体总控制箱端子排图(B066-500-0310)wm666.taobao.com.topology.v0.json,outputs/topology_panel_v1_sample/_P1_staging/#2主变本体总控制箱端子排图(B066-500-0310)wm666.taobao.com#panel_000.topology.v1.json,ok,,9006,3587,13889,7698,10778,0,8116,13512,34,0.0001,0.4262,0.6038,
_P1_staging/#2主变测控单元控制信号回路(B066-500-0202)wm666.taobao.com#panel_000,_P1_staging/#2主变测控单元控制信号回路(B066-500-0202)wm666.taobao.com,val,P1,_P1_staging,0,1,full,datas/qa_and_png/P1_oda_output/#2主变测控单元控制信号回路(B066-500-0202)wm666.taobao.com.png,"-25.0,-345.9343,999.2498,565.1927",outputs/normalized_geometry/_P1_staging/#2主变测控单元控制信号回路(B066-500-0202)wm666.taobao.com.normalized.json,outputs/topology_graph/_P1_staging/#2主变测控单元控制信号回路(B066-500-0202)wm666.taobao.com.topology.v0.json,outputs/topology_panel_v1_sample/_P1_staging/#2主变测控单元控制信号回路(B066-500-0202)wm666.taobao.com#panel_000.topology.v1.json,ok,,4783,3192,6784,2917,3643,8,6044,6651,661,0.0227,0.0606,0.6854,high_fragmentation
_P1_staging/#2主变测控柜A16端子排图(B066-500-0218)wm666.taobao.com#panel_000,_P1_staging/#2主变测控柜A16端子排图(B066-500-0218)wm666.taobao.com,train,P1,_P1_staging,0,1,full,datas/qa_and_png/P1_oda_output/#2主变测控柜A16端子排图(B066-500-0218)wm666.taobao.com.png,"-25.3524,-332.9726,1178.3715,397.9096",outputs/normalized_geometry/_P1_staging/#2主变测控柜A16端子排图(B066-500-0218)wm666.taobao.com.normalized.json,outputs/topology_graph/_P1_staging/#2主变测控柜A16端子排图(B066-500-0218)wm666.taobao.com.topology.v0.json,outputs/topology_panel_v1_sample/_P1_staging/#2主变测控柜A16端子排图(B066-500-0218)wm666.taobao.com#panel_000.topology.v1.json,ok,,6830,3173,12965,7310,10490,4,6919,12853,27,0.0006,0.163,0.7041,
_P1_staging/#2主变测量计度回路(B066-500-0201)wm666.taobao.com#panel_000,_P1_staging/#2主变测量计度回路(B066-500-0201)wm666.taobao.com,train,P1,_P1_staging,0,1,full,datas/qa_and_png/P1_oda_output/#2主变测量计度回路(B066-500-0201)wm666.taobao.com.png,"-25.0,-381.2361,999.2498,525.5864",outputs/normalized_geometry/_P1_staging/#2主变测量计度回路(B066-500-0201)wm666.taobao.com.normalized.json,outputs/topology_graph/_P1_staging/#2主变测量计度回路(B066-500-0201)wm666.taobao.com.topology.v0.json,outputs/topology_panel_v1_sample/_P1_staging/#2主变测量计度回路(B066-500-0201)wm666.taobao.com#panel_000.topology.v1.json,ok,,3979,2820,5355,1695,2640,7,5296,5068,743,0.0412,0.0207,0.684,high_fragmentation
_P1_staging/#2主变风冷控制回路(一)(B066-500-0213)wm666.taobao.com#panel_000,_P1_staging/#2主变风冷控制回路(一)(B066-500-0213)wm666.taobao.com,train,P1,_P1_staging,0,1,full,datas/qa_and_png/P1_oda_output/#2主变风冷控制回路(一)(B066-500-0213)wm666.taobao.com.png,"-24.7339,-337.5139,1000.2614,503.0371",outputs/normalized_geometry/_P1_staging/#2主变风冷控制回路(一)(B066-500-0213)wm666.taobao.com.normalized.json,outputs/topology_graph/_P1_staging/#2主变风冷控制回路(一)(B066-500-0213)wm666.taobao.com.topology.v0.json,outputs/topology_panel_v1_sample/_P1_staging/#2主变风冷控制回路(一)(B066-500-0213)wm666.taobao.com#panel_000.topology.v1.json,ok,,3710,2687,3994,1010,1550,80,4198,3967,634,0.0766,0.0708,0.6628,high_fragmentation
_P1_staging/#2主变风冷控制回路(二)(B066-500-0214)wm666.taobao.com#panel_000,_P1_staging/#2主变风冷控制回路(二)(B066-500-0214)wm666.taobao.com,train,P1,_P1_staging,0,1,full,datas/qa_and_png/P1_oda_output/#2主变风冷控制回路(二)(B066-500-0214)wm666.taobao.com.png,"-26.8573,-335.3663,822.5786,392.3801",outputs/normalized_geometry/_P1_staging/#2主变风冷控制回路(二)(B066-500-0214)wm666.taobao.com.normalized.json,outputs/topology_graph/_P1_staging/#2主变风冷控制回路(二)(B066-500-0214)wm666.taobao.com.topology.v0.json,outputs/topology_panel_v1_sample/_P1_staging/#2主变风冷控制回路(二)(B066-500-0214)wm666.taobao.com#panel_000.topology.v1.json,ok,,1537,718,2570,1672,2352,0,1585,2556,134,0.029,0.2375,0.5593,
_P1_staging/#2主变风冷控制箱二次安装图(B066-500-0311)wm666.taobao.com#panel_000,_P1_staging/#2主变风冷控制箱二次安装图(B066-500-0311)wm666.taobao.com,train,P1,_P1_staging,0,1,full,datas/qa_and_png/P1_oda_output/#2主变风冷控制箱二次安装图(B066-500-0311)wm666.taobao.com.png,"-25.0,-323.9746,559.0,377.7175",outputs/normalized_geometry/_P1_staging/#2主变风冷控制箱二次安装图(B066-500-0311)wm666.taobao.com.normalized.json,outputs/topology_graph/_P1_staging/#2主变风冷控制箱二次安装图(B066-500-0311)wm666.taobao.com.topology.v0.json,outputs/topology_panel_v1_sample/_P1_staging/#2主变风冷控制箱二次安装图(B066-500-0311)wm666.taobao.com#panel_000.topology.v1.json,ok,,3186,1969,4969,2884,3218,0,3321,4964,7,0.0002,0.1888,0.4565,
_P1_staging/01-110KV屋外配电装置配置接线图wm666.taobao.com#panel_000,_P1_staging/01-110KV屋外配电装置配置接线图wm666.taobao.com,train,P1,_P1_staging,0,1,full,datas/qa_and_png/P1_oda_output/01-110KV屋外配电装置配置接线图wm666.taobao.com.png,"644.1277,838.3027,3588.9867,1327.633",outputs/normalized_geometry/_P1_staging/01-110KV屋外配电装置配置接线图wm666.taobao.com.normalized.json,outputs/topology_graph/_P1_staging/01-110KV屋外配电装置配置接线图wm666.taobao.com.topology.v0.json,outputs/topology_panel_v1_sample/_P1_staging/01-110KV屋外配电装置配置接线图wm666.taobao.com#panel_000.topology.v1.json,ok,,1161,856,1591,719,1256,7,894,1276,114,0.0306,0.1677,1.0,
_P1_staging/02-110KV屋外配电装置平面布置图wm666.taobao.com#panel_000,_P1_staging/02-110KV屋外配电装置平面布置图wm666.taobao.com,train,P1,_P1_staging,0,1,full,datas/qa_and_png/P1_oda_output/02-110KV屋外配电装置平面布置图wm666.taobao.com.png,"86186.2522,165963.6462,303407.5386,512112.9305",outputs/normalized_geometry/_P1_staging/02-110KV屋外配电装置平面布置图wm666.taobao.com.normalized.json,outputs/topology_graph/_P1_staging/02-110KV屋外配电装置平面布置图wm666.taobao.com.topology.v0.json,outputs/topology_panel_v1_sample/_P1_staging/02-110KV屋外配电装置平面布置图wm666.taobao.com#panel_000.topology.v1.json,ok,,821,665,1479,666,1003,21,996,1477,31,0.0149,0.914,1.0,
_P1_staging/02-主接线wm666.taobao.com#panel_000,_P1_staging/02-主接线wm666.taobao.com,train,P1,_P1_staging,0,5,image_components,outputs/panels/P1/P1_staging__02-主接线wm666.taobao.com__panel_000.png,"1312.5583,1493.8362,1937.2638,1806.3693",outputs/normalized_geometry/_P1_staging/02-主接线wm666.taobao.com.normalized.json,outputs/topology_graph/_P1_staging/02-主接线wm666.taobao.com.topology.v0.json,outputs/topology_panel_v1_sample/_P1_staging/02-主接线wm666.taobao.com#panel_000.topology.v1.json,ok,,2111,1970,3415,1572,2588,274,2304,3255,304,0.0335,0.032,0.3493,high_fragmentation
_P1_staging/02-主接线wm666.taobao.com#panel_001,_P1_staging/02-主接线wm666.taobao.com,train,P1,_P1_staging,1,5,image_components,outputs/panels/P1/P1_staging__02-主接线wm666.taobao.com__panel_001.png,"2637.7306,930.0097,3290.1431,1252.498",outputs/normalized_geometry/_P1_staging/02-主接线wm666.taobao.com.normalized.json,outputs/topology_graph/_P1_staging/02-主接线wm666.taobao.com.topology.v0.json,outputs/topology_panel_v1_sample/_P1_staging/02-主接线wm666.taobao.com#panel_001.topology.v1.json,ok,,3464,2963,4665,1170,1834,36,4926,4293,914,0.0766,0.0247,0.3639,high_fragmentation
_P1_staging/02-主接线wm666.taobao.com#panel_002,_P1_staging/02-主接线wm666.taobao.com,train,P1,_P1_staging,2,5,image_components,outputs/panels/P1/P1_staging__02-主接线wm666.taobao.com__panel_002.png,"3572.8408,936.6465,4695.8388,1247.6712",outputs/normalized_geometry/_P1_staging/02-主接线wm666.taobao.com.normalized.json,outputs/topology_graph/_P1_staging/02-主接线wm666.taobao.com.topology.v0.json,outputs/topology_panel_v1_sample/_P1_staging/02-主接线wm666.taobao.com#panel_002.topology.v1.json,ok,,4887,4019,6708,2128,3172,22,6737,6397,857,0.0463,0.1,0.5826,high_fragmentation
_P1_staging/02-主接线wm666.taobao.com#panel_003,_P1_staging/02-主接线wm666.taobao.com,train,P1,_P1_staging,3,5,image_components,outputs/panels/P1/P1_staging__02-主接线wm666.taobao.com__panel_003.png,"1140.2556,914.021,2066.2744,1226.5541",outputs/normalized_geometry/_P1_staging/02-主接线wm666.taobao.com.normalized.json,outputs/topology_graph/_P1_staging/02-主接线wm666.taobao.com.topology.v0.json,outputs/topology_panel_v1_sample/_P1_staging/02-主接线wm666.taobao.com#panel_003.topology.v1.json,ok,,5732,5350,9527,4542,7881,572,5889,9162,680,0.0228,0.0646,0.4887,high_fragmentation
_P1_staging/02-主接线wm666.taobao.com#panel_004,_P1_staging/02-主接线wm666.taobao.com,train,P1,_P1_staging,4,5,image_components,outputs/panels/P1/P1_staging__02-主接线wm666.taobao.com__panel_004.png,"1140.2556,406.909,2066.2744,719.442",outputs/normalized_geometry/_P1_staging/02-主接线wm666.taobao.com.normalized.json,outputs/topology_graph/_P1_staging/02-主接线wm666.taobao.com.topology.v0.json,outputs/topology_panel_v1_sample/_P1_staging/02-主接线wm666.taobao.com#panel_004.topology.v1.json,ok,,655,578,1148,522,987,0,714,1108,88,0.0424,0.0794,0.4887,high_fragmentation
_P1_staging/03-10kV配电装置主变进线及母线桥间隔断面图wm666.taobao.com#panel_000,_P1_staging/03-10kV配电装置主变进线及母线桥间隔断面图wm666.taobao.com,train,P1,_P1_staging,0,1,full,datas/qa_and_png/P1_oda_output/03-10kV配电装置主变进线及母线桥间隔断面图wm666.taobao.com.png,"64541.8602,6520.9077,91070.683,21370.9077",outputs/normalized_geometry/_P1_staging/03-10kV配电装置主变进线及母线桥间隔断面图wm666.taobao.com.normalized.json,outputs/topology_graph/_P1_staging/03-10kV配电装置主变进线及母线桥间隔断面图wm666.taobao.com.topology.v0.json,outputs/topology_panel_v1_sample/_P1_staging/03-10kV配电装置主变进线及母线桥间隔断面图wm666.taobao.com#panel_000.topology.v1.json,ok,,1222,646,1150,441,588,50,874,1057,130,0.018,0.5203,1.0,
_P1_staging/03-110KV屋外配电装置出线间隔断面图wm666.taobao.com#panel_000,_P1_staging/03-110KV屋外配电装置出线间隔断面图wm666.taobao.com,val,P1,_P1_staging,0,1,full,datas/qa_and_png/P1_oda_output/03-110KV屋外配电装置出线间隔断面图wm666.taobao.com.png,"247884.5605,-5397.5888,415397.7083,172893.4942",outputs/normalized_geometry/_P1_staging/03-110KV屋外配电装置出线间隔断面图wm666.taobao.com.normalized.json,outputs/topology_graph/_P1_staging/03-110KV屋外配电装置出线间隔断面图wm666.taobao.com.topology.v0.json,outputs/topology_panel_v1_sample/_P1_staging/03-110KV屋外配电装置出线间隔断面图wm666.taobao.com#panel_000.topology.v1.json,ok,,1472,1133,2602,1153,1764,1,1836,2576,103,0.0252,0.4519,1.0,
_P1_staging/04-110KV屋外配电装置主变进线间隔及母线PT间隔断面图wm666.taobao.com#panel_000,_P1_staging/04-110KV屋外配电装置主变进线间隔及母线PT间隔断面图wm666.taobao.com,val,P1,_P1_staging,0,1,full,datas/qa_and_png/P1_oda_output/04-110KV屋外配电装置主变进线间隔及母线PT间隔断面图wm666.taobao.com.png,"313125.6468,103849.9856,443312.785,243111.3457",outputs/normalized_geometry/_P1_staging/04-110KV屋外配电装置主变进线间隔及母线PT间隔断面图wm666.taobao.com.normalized.json,outputs/topology_graph/_P1_staging/04-110KV屋外配电装置主变进线间隔及母线PT间隔断面图wm666.taobao.com.topology.v0.json,outputs/topology_panel_v1_sample/_P1_staging/04-110KV屋外配电装置主变进线间隔及母线PT间隔断面图wm666.taobao.com#panel_000.topology.v1.json,ok,,892,630,1533,696,998,1,1095,1520,64,0.0283,0.6632,1.0,
_P1_staging/05-110KV屋外配电装置母线分段间隔断面图wm666.taobao.com#panel_000,_P1_staging/05-110KV屋外配电装置母线分段间隔断面图wm666.taobao.com,train,P1,_P1_staging,0,1,full,datas/qa_and_png/P1_oda_output/05-110KV屋外配电装置母线分段间隔断面图wm666.taobao.com.png,"280526.2036,129573.7399,449311.1146,268502.9839",outputs/normalized_geometry/_P1_staging/05-110KV屋外配电装置母线分段间隔断面图wm666.taobao.com.normalized.json,outputs/topology_graph/_P1_staging/05-110KV屋外配电装置母线分段间隔断面图wm666.taobao.com.topology.v0.json,outputs/topology_panel_v1_sample/_P1_staging/05-110KV屋外配电装置母线分段间隔断面图wm666.taobao.com#panel_000.topology.v1.json,ok,,1039,718,1671,815,1233,1,1096,1659,48,0.0108,0.5787,1.0,
_P1_staging/05电气主接线#panel_000,_P1_staging/05电气主接线,train,P1,_P1_staging,0,5,image_components,outputs/panels/P1/P1_staging__05电气主接线__panel_000.png,"-1025.6256,-36711.6623,246571.8376,11006.0219",outputs/normalized_geometry/_P1_staging/05电气主接线.normalized.json,outputs/topology_graph/_P1_staging/05电气主接线.topology.v0.json,outputs/topology_panel_v1_sample/_P1_staging/05电气主接线#panel_000.topology.v1.json,ok,,4021,4274,5741,962,1690,44,4459,4449,458,0.0128,0.1322,1.0,high_fragmentation
_P1_staging/05电气主接线#panel_001,_P1_staging/05电气主接线,train,P1,_P1_staging,1,5,image_components,outputs/panels/P1/P1_staging__05电气主接线__panel_001.png,"7451.1673,-35649.6529,242548.0436,9958.5605",outputs/normalized_geometry/_P1_staging/05电气主接线.normalized.json,outputs/topology_graph/_P1_staging/05电气主接线.topology.v0.json,outputs/topology_panel_v1_sample/_P1_staging/05电气主接线#panel_001.topology.v1.json,ok,,124,0,0,0,0,0,0,0,0,0.0,0.0,1.0,no_edges;no_nets
_P1_staging/1#主变屏#panel_000,_P1_staging/1#主变屏,train,P1,_P1_staging,0,1,full,datas/qa_and_png/P1_oda_output/1#主变屏.png,"-192.2267,-1124.336,1930.5094,2263.0314",outputs/normalized_geometry/_P1_staging/1#主变屏.normalized.json,outputs/topology_graph/_P1_staging/1#主变屏.topology.v0.json,outputs/topology_panel_v1_sample/_P1_staging/1#主变屏#panel_000.topology.v1.json,ok,,9219,5002,13448,6290,9095,208,9628,12975,563,0.0211,0.0697,1.0,high_fragmentation
_P1_staging/1-主变保护测控柜面#panel_000,_P1_staging/1-主变保护测控柜面,train,P1,_P1_staging,0,1,full,datas/qa_and_png/P1_oda_output/1-主变保护测控柜面.png,"0.0,0.0,421.625,297.0",outputs/normalized_geometry/_P1_staging/1-主变保护测控柜面.normalized.json,outputs/topology_graph/_P1_staging/1-主变保护测控柜面.topology.v0.json,outputs/topology_panel_v1_sample/_P1_staging/1-主变保护测控柜面#panel_000.topology.v1.json,ok,,1101,782,1400,483,650,11,1202,1388,262,0.1153,0.3912,0.2579,
_P1_staging/10-1#主变10kV侧开关柜端子排接线图#panel_000,_P1_staging/10-1#主变10kV侧开关柜端子排接线图,train,P1,_P1_staging,0,1,full,datas/qa_and_png/P1_oda_output/10-1#主变10kV侧开关柜端子排接线图.png,"0.0,-3124.7791,6188.3186,2812.998",outputs/normalized_geometry/_P1_staging/10-1#主变10kV侧开关柜端子排接线图.normalized.json,outputs/topology_graph/_P1_staging/10-1#主变10kV侧开关柜端子排接线图.topology.v0.json,outputs/topology_panel_v1_sample/_P1_staging/10-1#主变10kV侧开关柜端子排接线图#panel_000.topology.v1.json,ok,,938,553,1886,1120,1654,15,1056,1832,29,0.0055,0.8483,1.0,
_P1_staging/1000MW机组脱硫区电气主接线图#panel_000,_P1_staging/1000MW机组脱硫区电气主接线图,train,P1,_P1_staging,0,1,full,datas/qa_and_png/P1_oda_output/1000MW机组脱硫区电气主接线图.png,"278535.516,131526.6279,397435.516,215626.6279",outputs/normalized_geometry/_P1_staging/1000MW机组脱硫区电气主接线图.normalized.json,outputs/topology_graph/_P1_staging/1000MW机组脱硫区电气主接线图.topology.v0.json,outputs/topology_panel_v1_sample/_P1_staging/1000MW机组脱硫区电气主接线图#panel_000.topology.v1.json,ok,,2012,1374,2413,821,1137,0,2660,2412,467,0.1235,0.1418,1.0,high_fragmentation
_P1_staging/1000kw水电站主接线图#panel_000,_P1_staging/1000kw水电站主接线图,train,P1,_P1_staging,0,1,full,datas/qa_and_png/P1_oda_output/1000kw水电站主接线图.png,"-258340.9228,-2.1854,6.7736,192302.0786",outputs/normalized_geometry/_P1_staging/1000kw水电站主接线图.normalized.json,outputs/topology_graph/_P1_staging/1000kw水电站主接线图.topology.v0.json,outputs/topology_panel_v1_sample/_P1_staging/1000kw水电站主接线图#panel_000.topology.v1.json,ok,,736,513,764,237,305,0,709,729,107,0.059,0.1139,1.0,high_fragmentation
_P1_staging/10KV主接线图#panel_000,_P1_staging/10KV主接线图,test,P1,_P1_staging,0,1,full,datas/qa_and_png/P1_oda_output/10KV主接线图.png,"8.9448,0.0,399.0,280.0",outputs/normalized_geometry/_P1_staging/10KV主接线图.normalized.json,outputs/topology_graph/_P1_staging/10KV主接线图.topology.v0.json,outputs/topology_panel_v1_sample/_P1_staging/10KV主接线图#panel_000.topology.v1.json,ok,,263,160,510,306,421,2,307,505,23,0.0218,0.4257,0.2401,
_P1_staging/10kV电气主接线图#panel_000,_P1_staging/10kV电气主接线图,train,P1,_P1_staging,0,1,full,datas/qa_and_png/P1_oda_output/10kV电气主接线图.png,"925.7323,-485.8677,10980.5323,6624.3123",outputs/normalized_geometry/_P1_staging/10kV电气主接线图.normalized.json,outputs/topology_graph/_P1_staging/10kV电气主接线图.topology.v0.json,outputs/topology_panel_v1_sample/_P1_staging/10kV电气主接线图#panel_000.topology.v1.json,ok,,448,358,908,373,634,7,757,899,93,0.0345,0.5239,1.0,
_P1_staging/10kv变电站主接线图#panel_000,_P1_staging/10kv变电站主接线图,train,P1,_P1_staging,0,1,full,datas/qa_and_png/P1_oda_output/10kv变电站主接线图.png,"-211.267,0.0,4504.1843,3546.8686",outputs/normalized_geometry/_P1_staging/10kv变电站主接线图.normalized.json,outputs/topology_graph/_P1_staging/10kv变电站主接线图.topology.v0.json,outputs/topology_panel_v1_sample/_P1_staging/10kv变电站主接线图#panel_000.topology.v1.json,ok,,2792,2426,4722,1598,2712,114,3919,4121,367,0.0197,0.2701,1.0,
_P1_staging/11-1#主变端子箱接线图#panel_000,_P1_staging/11-1#主变端子箱接线图,train,P1,_P1_staging,0,1,full,datas/qa_and_png/P1_oda_output/11-1#主变端子箱接线图.png,"0.0,-3124.7791,6188.3186,900.9311",outputs/normalized_geometry/_P1_staging/11-1#主变端子箱接线图.normalized.json,outputs/topology_graph/_P1_staging/11-1#主变端子箱接线图.topology.v0.json,outputs/topology_panel_v1_sample/_P1_staging/11-1#主变端子箱接线图#panel_000.topology.v1.json,ok,,1073,673,1919,986,1517,7,1403,1864,139,0.0241,0.2607,1.0,
_P1_staging/110KV出线断面图#panel_000,_P1_staging/110KV出线断面图,train,P1,_P1_staging,0,1,full,datas/qa_and_png/P1_oda_output/110KV出线断面图.png,"-843.096,-240.7855,1117.3562,595.2359",outputs/normalized_geometry/_P1_staging/110KV出线断面图.normalized.json,outputs/topology_graph/_P1_staging/110KV出线断面图.topology.v0.json,outputs/topology_panel_v1_sample/_P1_staging/110KV出线断面图#panel_000.topology.v1.json,ok,,581,493,1240,431,755,3,795,1111,45,0.0216,0.5023,1.0,
_P1_staging/110KV出线断面图wm666.taobao.com#panel_000,_P1_staging/110KV出线断面图wm666.taobao.com,train,P1,_P1_staging,0,1,full,datas/qa_and_png/P1_oda_output/110KV出线断面图wm666.taobao.com.png,"-843.096,-240.7855,1117.3562,595.2359",outputs/normalized_geometry/_P1_staging/110KV出线断面图wm666.taobao.com.normalized.json,outputs/topology_graph/_P1_staging/110KV出线断面图wm666.taobao.com.topology.v0.json,outputs/topology_panel_v1_sample/_P1_staging/110KV出线断面图wm666.taobao.com#panel_000.topology.v1.json,ok,,581,493,1240,431,755,3,795,1111,45,0.0216,0.5023,1.0,
_P1_staging/110KV出线间隔断面图#panel_000,_P1_staging/110KV出线间隔断面图,train,P1,_P1_staging,0,1,full,datas/qa_and_png/P1_oda_output/110KV出线间隔断面图.png,"1792.391,-144.9806,2376.9295,191.7398",outputs/normalized_geometry/_P1_staging/110KV出线间隔断面图.normalized.json,outputs/topology_graph/_P1_staging/110KV出线间隔断面图.topology.v0.json,outputs/topology_panel_v1_sample/_P1_staging/110KV出线间隔断面图#panel_000.topology.v1.json,ok,,953,848,1730,639,949,29,1413,1682,103,0.0232,0.6938,0.3373,
_P1_staging/110KV升压开关站一次系统图#panel_000,_P1_staging/110KV升压开关站一次系统图,train,P1,_P1_staging,0,1,full,datas/qa_and_png/P1_oda_output/110KV升压开关站一次系统图.png,"-4411.6191,-620.066,2367.0494,1892.2087",outputs/normalized_geometry/_P1_staging/110KV升压开关站一次系统图.normalized.json,outputs/topology_graph/_P1_staging/110KV升压开关站一次系统图.topology.v0.json,outputs/topology_panel_v1_sample/_P1_staging/110KV升压开关站一次系统图#panel_000.topology.v1.json,ok,,407,237,761,344,572,0,553,725,86,0.0607,0.5503,1.0,
_P1_staging/110KV升压开关站基础布置图#panel_000,_P1_staging/110KV升压开关站基础布置图,train,P1,_P1_staging,0,1,full,datas/qa_and_png/P1_oda_output/110KV升压开关站基础布置图.png,"-6130.1873,-683.1311,3432.2282,2685.0692",outputs/normalized_geometry/_P1_staging/110KV升压开关站基础布置图.normalized.json,outputs/topology_graph/_P1_staging/110KV升压开关站基础布置图.topology.v0.json,outputs/topology_panel_v1_sample/_P1_staging/110KV升压开关站基础布置图#panel_000.topology.v1.json,ok,,932,851,2396,1181,1671,25,1459,2225,87,0.0247,0.3353,1.0,
_P1_staging/110KV升压站平面布置图1#panel_000,_P1_staging/110KV升压站平面布置图1,train,P1,_P1_staging,0,1,full,datas/qa_and_png/P1_oda_output/110KV升压站平面布置图1.png,"-1267.0778,-542.0778,134.5196,75.0",outputs/normalized_geometry/_P1_staging/110KV升压站平面布置图1.normalized.json,outputs/topology_graph/_P1_staging/110KV升压站平面布置图1.topology.v0.json,outputs/topology_panel_v1_sample/_P1_staging/110KV升压站平面布置图1#panel_000.topology.v1.json,ok,,1268,1087,2813,1191,1960,22,1970,2572,123,0.0365,0.7558,0.7657,
_P1_staging/110KV升压站平面布置图1wm666.taobao.com#panel_000,_P1_staging/110KV升压站平面布置图1wm666.taobao.com,test,P1,_P1_staging,0,1,full,datas/qa_and_png/P1_oda_output/110KV升压站平面布置图1wm666.taobao.com.png,"-1267.0778,-542.0778,134.5196,75.0",outputs/normalized_geometry/_P1_staging/110KV升压站平面布置图1wm666.taobao.com.normalized.json,outputs/topology_graph/_P1_staging/110KV升压站平面布置图1wm666.taobao.com.topology.v0.json,outputs/topology_panel_v1_sample/_P1_staging/110KV升压站平面布置图1wm666.taobao.com#panel_000.topology.v1.json,ok,,1268,1087,2813,1191,1960,22,1970,2572,123,0.0365,0.7558,0.7657,
_P1_staging/110KV升压站总体平面布置图#panel_000,_P1_staging/110KV升压站总体平面布置图,train,P1,_P1_staging,0,1,full,datas/qa_and_png/P1_oda_output/110KV升压站总体平面布置图.png,"-1004.3228,-866.0236,134.5196,75.0",outputs/normalized_geometry/_P1_staging/110KV升压站总体平面布置图.normalized.json,outputs/topology_graph/_P1_staging/110KV升压站总体平面布置图.topology.v0.json,outputs/topology_panel_v1_sample/_P1_staging/110KV升压站总体平面布置图#panel_000.topology.v1.json,ok,,1374,1227,3662,1598,2706,34,2229,3167,120,0.0319,0.88,0.7387,
_P1_staging/110KV升压站总体平面布置图__230#panel_000,_P1_staging/110KV升压站总体平面布置图__230,train,P1,_P1_staging,0,1,full,datas/qa_and_png/P1_oda_output/110KV升压站总体平面布置图__230.png,"-1004.3228,-795.8937,134.5196,75.0",outputs/normalized_geometry/_P1_staging/110KV升压站总体平面布置图__230.normalized.json,outputs/topology_graph/_P1_staging/110KV升压站总体平面布置图__230.topology.v0.json,outputs/topology_panel_v1_sample/_P1_staging/110KV升压站总体平面布置图__230#panel_000.topology.v1.json,ok,,1371,1227,3662,1598,2706,34,2252,3198,109,0.0297,0.8859,0.7168,
_P1_staging/110KV升压站总体平面布置图wm666.taobao.com#panel_000,_P1_staging/110KV升压站总体平面布置图wm666.taobao.com,train,P1,_P1_staging,0,1,full,datas/qa_and_png/P1_oda_output/110KV升压站总体平面布置图wm666.taobao.com.png,"-1004.3228,-866.0236,134.5196,75.0",outputs/normalized_geometry/_P1_staging/110KV升压站总体平面布置图wm666.taobao.com.normalized.json,outputs/topology_graph/_P1_staging/110KV升压站总体平面布置图wm666.taobao.com.topology.v0.json,outputs/topology_panel_v1_sample/_P1_staging/110KV升压站总体平面布置图wm666.taobao.com#panel_000.topology.v1.json,ok,,1374,1227,3662,1598,2706,34,2229,3167,120,0.0319,0.88,0.7387,
_P1_staging/110KV升压站接地布置图.#panel_000,_P1_staging/110KV升压站接地布置图.,val,P1,_P1_staging,0,1,full,datas/qa_and_png/P1_oda_output/110KV升压站接地布置图..png,"-733.4323,-19.3206,134.5196,400.6794",outputs/normalized_geometry/_P1_staging/110KV升压站接地布置图..normalized.json,outputs/topology_graph/_P1_staging/110KV升压站接地布置图..topology.v0.json,outputs/topology_panel_v1_sample/_P1_staging/110KV升压站接地布置图.#panel_000.topology.v1.json,ok,,969,788,2125,895,1597,1,1426,1988,83,0.0121,0.7606,0.4821,
_P1_staging/110KV升压站接地布置图.wm666.taobao.com#panel_000,_P1_staging/110KV升压站接地布置图.wm666.taobao.com,train,P1,_P1_staging,0,1,full,datas/qa_and_png/P1_oda_output/110KV升压站接地布置图.wm666.taobao.com.png,"-733.4323,-19.3206,134.5196,400.6794",outputs/normalized_geometry/_P1_staging/110KV升压站接地布置图.wm666.taobao.com.normalized.json,outputs/topology_graph/_P1_staging/110KV升压站接地布置图.wm666.taobao.com.topology.v0.json,outputs/topology_panel_v1_sample/_P1_staging/110KV升压站接地布置图.wm666.taobao.com#panel_000.topology.v1.json,ok,,969,788,2125,895,1597,1,1426,1988,83,0.0121,0.7606,0.4821,
_P1_staging/110KV升压站立面布置图#panel_000,_P1_staging/110KV升压站立面布置图,train,P1,_P1_staging,0,1,full,datas/qa_and_png/P1_oda_output/110KV升压站立面布置图.png,"-1428.9934,-14.441,134.5196,667.6491",outputs/normalized_geometry/_P1_staging/110KV升压站立面布置图.normalized.json,outputs/topology_graph/_P1_staging/110KV升压站立面布置图.topology.v0.json,outputs/topology_panel_v1_sample/_P1_staging/110KV升压站立面布置图#panel_000.topology.v1.json,ok,,1354,1190,2511,1143,1566,5,1199,1836,84,0.0234,0.5229,0.8529,
_P1_staging/110KV升压站立面布置图1#panel_000,_P1_staging/110KV升压站立面布置图1,train,P1,_P1_staging,0,1,full,datas/qa_and_png/P1_oda_output/110KV升压站立面布置图1.png,"-733.4323,-19.3206,135.9748,1022.2799",outputs/normalized_geometry/_P1_staging/110KV升压站立面布置图1.normalized.json,outputs/topology_graph/_P1_staging/110KV升压站立面布置图1.topology.v0.json,outputs/topology_panel_v1_sample/_P1_staging/110KV升压站立面布置图1#panel_000.topology.v1.json,ok,,1575,1393,2924,1241,1729,4,1513,2228,91,0.018,0.588,0.6784,
_P1_staging/110KV升压站立面布置图1wm666.taobao.com#panel_000,_P1_staging/110KV升压站立面布置图1wm666.taobao.com,train,P1,_P1_staging,0,1,full,datas/qa_and_png/P1_oda_output/110KV升压站立面布置图1wm666.taobao.com.png,"-733.4323,-19.3206,135.9748,1022.2799",outputs/normalized_geometry/_P1_staging/110KV升压站立面布置图1wm666.taobao.com.normalized.json,outputs/topology_graph/_P1_staging/110KV升压站立面布置图1wm666.taobao.com.topology.v0.json,outputs/topology_panel_v1_sample/_P1_staging/110KV升压站立面布置图1wm666.taobao.com#panel_000.topology.v1.json,ok,,1575,1393,2924,1241,1729,4,1513,2228,91,0.018,0.588,0.6784,
_P1_staging/110KV升压站立面布置图wm666.taobao.com#panel_000,_P1_staging/110KV升压站立面布置图wm666.taobao.com,train,P1,_P1_staging,0,1,full,datas/qa_and_png/P1_oda_output/110KV升压站立面布置图wm666.taobao.com.png,"-1428.9934,-14.441,134.5196,667.6491",outputs/normalized_geometry/_P1_staging/110KV升压站立面布置图wm666.taobao.com.normalized.json,outputs/topology_graph/_P1_staging/110KV升压站立面布置图wm666.taobao.com.topology.v0.json,outputs/topology_panel_v1_sample/_P1_staging/110KV升压站立面布置图wm666.taobao.com#panel_000.topology.v1.json,ok,,1354,1190,2511,1143,1566,5,1199,1836,84,0.0234,0.5229,0.8529,
_P1_staging/110KV变电所10KV配套线路工程出线图#panel_000,_P1_staging/110KV变电所10KV配套线路工程出线图,train,P1,_P1_staging,0,1,full,datas/qa_and_png/P1_oda_output/110KV变电所10KV配套线路工程出线图.png,"163.7413,-204.5144,1466.1512,109.5507",outputs/normalized_geometry/_P1_staging/110KV变电所10KV配套线路工程出线图.normalized.json,outputs/topology_graph/_P1_staging/110KV变电所10KV配套线路工程出线图.topology.v0.json,outputs/topology_panel_v1_sample/_P1_staging/110KV变电所10KV配套线路工程出线图#panel_000.topology.v1.json,ok,,370,367,518,113,153,1,489,483,65,0.0331,0.0994,0.6699,high_fragmentation
_P1_staging/110KV变电所一次系统图#panel_000,_P1_staging/110KV变电所一次系统图,test,P1,_P1_staging,0,1,full,datas/qa_and_png/P1_oda_output/110KV变电所一次系统图.png,"86.7554,36.9761,409.7816,265.8101",outputs/normalized_geometry/_P1_staging/110KV变电所一次系统图.normalized.json,outputs/topology_graph/_P1_staging/110KV变电所一次系统图.topology.v0.json,outputs/topology_panel_v1_sample/_P1_staging/110KV变电所一次系统图#panel_000.topology.v1.json,ok,,2124,1788,2787,678,1074,28,3063,2628,554,0.0609,0.0259,0.1979,high_fragmentation
_P1_staging/110KV变电站主变继电保护原理#panel_000,_P1_staging/110KV变电站主变继电保护原理,test,P1,_P1_staging,0,1,full,datas/qa_and_png/P1_oda_output/110KV变电站主变继电保护原理.png,"-626.6485,-493.8648,3063.1383,1606.8716",outputs/normalized_geometry/_P1_staging/110KV变电站主变继电保护原理.normalized.json,outputs/topology_graph/_P1_staging/110KV变电站主变继电保护原理.topology.v0.json,outputs/topology_panel_v1_sample/_P1_staging/110KV变电站主变继电保护原理#panel_000.topology.v1.json,ok,,10276,6184,13562,6752,7451,30,5751,8014,811,0.0562,0.1486,1.0,high_fragmentation
_P1_staging/110KV变电站主接线保护直流所#panel_000,_P1_staging/110KV变电站主接线保护直流所,train,P1,_P1_staging,0,1,full,datas/qa_and_png/P1_oda_output/110KV变电站主接线保护直流所.png,"768.7021,568.8299,1047.3046,722.7591",outputs/normalized_geometry/_P1_staging/110KV变电站主接线保护直流所.normalized.json,outputs/topology_graph/_P1_staging/110KV变电站主接线保护直流所.topology.v0.json,outputs/topology_panel_v1_sample/_P1_staging/110KV变电站主接线保护直流所#panel_000.topology.v1.json,ok,,5126,4555,7199,1872,2792,20,6662,6593,1023,0.0604,0.1156,0.1591,high_fragmentation
_P1_staging/110KV变电站主接线保护直流所wm666.taobao.com#panel_000,_P1_staging/110KV变电站主接线保护直流所wm666.taobao.com,train,P1,_P1_staging,0,1,full,datas/qa_and_png/P1_oda_output/110KV变电站主接线保护直流所wm666.taobao.com.png,"768.7021,568.8299,1047.3046,722.7591",outputs/normalized_geometry/_P1_staging/110KV变电站主接线保护直流所wm666.taobao.com.normalized.json,outputs/topology_graph/_P1_staging/110KV变电站主接线保护直流所wm666.taobao.com.topology.v0.json,outputs/topology_panel_v1_sample/_P1_staging/110KV变电站主接线保护直流所wm666.taobao.com#panel_000.topology.v1.json,ok,,5125,4555,7199,1872,2792,20,6662,6593,1023,0.0604,0.1156,0.1591,high_fragmentation
_P1_staging/110KV变电站典型设计图纸wm666.taobao.com#panel_000,_P1_staging/110KV变电站典型设计图纸wm666.taobao.com,train,P1,_P1_staging,0,1,full,datas/qa_and_png/P1_oda_output/110KV变电站典型设计图纸wm666.taobao.com.png,"-1112.0,-426.994,2530.0,2065.4369",outputs/normalized_geometry/_P1_staging/110KV变电站典型设计图纸wm666.taobao.com.normalized.json,outputs/topology_graph/_P1_staging/110KV变电站典型设计图纸wm666.taobao.com.topology.v0.json,outputs/topology_panel_v1_sample/_P1_staging/110KV变电站典型设计图纸wm666.taobao.com#panel_000.topology.v1.json,ok,,6686,4726,8416,2911,4203,285,4393,6012,281,0.0113,0.1362,1.0,high_fragmentation
_P1_staging/110KV变电站电气主接线图#panel_000,_P1_staging/110KV变电站电气主接线图,train,P1,_P1_staging,0,1,full,datas/qa_and_png/P1_oda_output/110KV变电站电气主接线图.png,"-1090876.6637,-44380.3089,48521.9771,382259.7599",outputs/normalized_geometry/_P1_staging/110KV变电站电气主接线图.normalized.json,outputs/topology_graph/_P1_staging/110KV变电站电气主接线图.topology.v0.json,outputs/topology_panel_v1_sample/_P1_staging/110KV变电站电气主接线图#panel_000.topology.v1.json,ok,,1524,1122,1992,951,1278,4,1807,1972,258,0.0598,0.1278,1.0,high_fragmentation
_P1_staging/110KV进线保护原理图#panel_000,_P1_staging/110KV进线保护原理图,train,P1,_P1_staging,0,1,full,datas/qa_and_png/P1_oda_output/110KV进线保护原理图.png,"0.0,0.0,420.0,297.0",outputs/normalized_geometry/_P1_staging/110KV进线保护原理图.normalized.json,outputs/topology_graph/_P1_staging/110KV进线保护原理图.topology.v0.json,outputs/topology_panel_v1_sample/_P1_staging/110KV进线保护原理图#panel_000.topology.v1.json,ok,,1091,1083,1824,484,819,20,1590,1663,135,0.0337,0.2393,0.2572,
_P1_staging/110KV配电装置半高型布置断面图#panel_000,_P1_staging/110KV配电装置半高型布置断面图,train,P1,_P1_staging,0,1,full,datas/qa_and_png/P1_oda_output/110KV配电装置半高型布置断面图.png,"113.659,76.3237,340.0402,301.6117",outputs/normalized_geometry/_P1_staging/110KV配电装置半高型布置断面图.normalized.json,outputs/topology_graph/_P1_staging/110KV配电装置半高型布置断面图.topology.v0.json,outputs/topology_panel_v1_sample/_P1_staging/110KV配电装置半高型布置断面图#panel_000.topology.v1.json,ok,,2097,1731,3519,1232,2024,145,2325,2642,350,0.0818,0.1681,0.1597,
_P1_staging/110Kv变电站直流系统接线图#panel_000,_P1_staging/110Kv变电站直流系统接线图,val,P1,_P1_staging,0,2,image_components,outputs/panels/P1/P1_staging__110Kv变电站直流系统接线图__panel_000.png,"0.0,0.0,863.006,297.0",outputs/normalized_geometry/_P1_staging/110Kv变电站直流系统接线图.normalized.json,outputs/topology_graph/_P1_staging/110Kv变电站直流系统接线图.topology.v0.json,outputs/topology_panel_v1_sample/_P1_staging/110Kv变电站直流系统接线图#panel_000.topology.v1.json,ok,,1311,867,1458,497,698,1,1320,1396,127,0.0595,0.2872,0.4563,
_P1_staging/110Kv变电站直流系统接线图wm666.taobao.com#panel_000,_P1_staging/110Kv变电站直流系统接线图wm666.taobao.com,train,P1,_P1_staging,0,2,image_components,outputs/panels/P1/P1_staging__110Kv变电站直流系统接线图wm666.taobao.com__panel_000.png,"0.0,0.0,863.006,297.0",outputs/normalized_geometry/_P1_staging/110Kv变电站直流系统接线图wm666.taobao.com.normalized.json,outputs/topology_graph/_P1_staging/110Kv变电站直流系统接线图wm666.taobao.com.topology.v0.json,outputs/topology_panel_v1_sample/_P1_staging/110Kv变电站直流系统接线图wm666.taobao.com#panel_000.topology.v1.json,ok,,1310,867,1458,497,698,1,1320,1396,127,0.0595,0.2872,0.4563,
_P1_staging/110kVGIS汇控柜电源电路#panel_000,_P1_staging/110kVGIS汇控柜电源电路,train,P1,_P1_staging,0,1,full,datas/qa_and_png/P1_oda_output/110kVGIS汇控柜电源电路.png,"59.981,-227.7692,479.981,69.2308",outputs/normalized_geometry/_P1_staging/110kVGIS汇控柜电源电路.normalized.json,outputs/topology_graph/_P1_staging/110kVGIS汇控柜电源电路.topology.v0.json,outputs/topology_panel_v1_sample/_P1_staging/110kVGIS汇控柜电源电路#panel_000.topology.v1.json,ok,,463,239,490,181,281,29,415,484,32,0.0248,0.2025,0.2572,
_P1_staging/110kVxx变电站完整电源图wm666.taobao.com#panel_000,_P1_staging/110kVxx变电站完整电源图wm666.taobao.com,train,P1,_P1_staging,0,1,full,datas/qa_and_png/P1_oda_output/110kVxx变电站完整电源图wm666.taobao.com.png,"0.0,0.0,44112.6313,48495.7827",outputs/normalized_geometry/_P1_staging/110kVxx变电站完整电源图wm666.taobao.com.normalized.json,outputs/topology_graph/_P1_staging/110kVxx变电站完整电源图wm666.taobao.com.topology.v0.json,outputs/topology_panel_v1_sample/_P1_staging/110kVxx变电站完整电源图wm666.taobao.com#panel_000.topology.v1.json,ok,,4499,4311,4689,333,635,147,3159,4642,368,0.0043,0.1131,1.0,high_fragmentation
_P1_staging/110kVxx变电站完整电源图（塔位点）wm666.taobao.com#panel_000,_P1_staging/110kVxx变电站完整电源图（塔位点）wm666.taobao.com,train,P1,_P1_staging,0,1,full,datas/qa_and_png/P1_oda_output/110kVxx变电站完整电源图（塔位点）wm666.taobao.com.png,"0.0,0.0,42000.0,43000.0",outputs/normalized_geometry/_P1_staging/110kVxx变电站完整电源图（塔位点）wm666.taobao.com.normalized.json,outputs/topology_graph/_P1_staging/110kVxx变电站完整电源图（塔位点）wm666.taobao.com.topology.v0.json,outputs/topology_panel_v1_sample/_P1_staging/110kVxx变电站完整电源图（塔位点）wm666.taobao.com#panel_000.topology.v1.json,ok,,193,189,427,205,367,97,261,398,2,0.0,0.9799,1.0,dominant_component
_P1_staging/110kV一次系统图（终版）#panel_000,_P1_staging/110kV一次系统图（终版）,train,P1,_P1_staging,0,1,full,datas/qa_and_png/P1_oda_output/110kV一次系统图（终版）.png,"-305028.382,-16982.2587,313003.0065,97399.5186",outputs/normalized_geometry/_P1_staging/110kV一次系统图（终版）.normalized.json,outputs/topology_graph/_P1_staging/110kV一次系统图（终版）.topology.v0.json,outputs/topology_panel_v1_sample/_P1_staging/110kV一次系统图（终版）#panel_000.topology.v1.json,ok,,1552,804,1253,386,485,0,1317,1219,339,0.1977,0.2084,1.0,
_P1_staging/110kV变电所总平面图#panel_000,_P1_staging/110kV变电所总平面图,train,P1,_P1_staging,0,1,full,datas/qa_and_png/P1_oda_output/110kV变电所总平面图.png,"-3986.2344,-4911.3453,187615.2198,180121.3624",outputs/normalized_geometry/_P1_staging/110kV变电所总平面图.normalized.json,outputs/topology_graph/_P1_staging/110kV变电所总平面图.topology.v0.json,outputs/topology_panel_v1_sample/_P1_staging/110kV变电所总平面图#panel_000.topology.v1.json,ok,,7134,7003,16651,6202,10564,45,12911,16541,635,0.0137,0.773,1.0,
_P1_staging/110kV变电站初步设计典型方案#panel_000,_P1_staging/110kV变电站初步设计典型方案,train,P1,_P1_staging,0,1,full,datas/qa_and_png/P1_oda_output/110kV变电站初步设计典型方案.png,"2935.2383,3126.0292,4282.0637,3761.1258",outputs/normalized_geometry/_P1_staging/110kV变电站初步设计典型方案.normalized.json,outputs/topology_graph/_P1_staging/110kV变电站初步设计典型方案.topology.v0.json,outputs/topology_panel_v1_sample/_P1_staging/110kV变电站初步设计典型方案#panel_000.topology.v1.json,ok,,25880,30120,51654,18602,26011,504,23187,29506,2730,0.0365,0.1526,0.7445,
_P1_staging/110kV变电站总平面及竖向布置图#panel_000,_P1_staging/110kV变电站总平面及竖向布置图,train,P1,_P1_staging,0,2,image_components,outputs/panels/P1/P1_staging__110kV变电站总平面及竖向布置图__panel_000.png,"-199351.8061,-146072.4521,-25315.9921,-66214.8401",outputs/normalized_geometry/_P1_staging/110kV变电站总平面及竖向布置图.normalized.json,outputs/topology_graph/_P1_staging/110kV变电站总平面及竖向布置图.topology.v0.json,outputs/topology_panel_v1_sample/_P1_staging/110kV变电站总平面及竖向布置图#panel_000.topology.v1.json,ok,,1746,1290,4283,2141,3502,36,2478,4271,70,0.0061,0.8324,1.0,
_P1_staging/110kV变电站总平面及竖向布置图#panel_001,_P1_staging/110kV变电站总平面及竖向布置图,train,P1,_P1_staging,1,2,image_components,outputs/panels/P1/P1_staging__110kV变电站总平面及竖向布置图__panel_001.png,"-180654.9649,-129796.3476,-75346.6698,-71069.1168",outputs/normalized_geometry/_P1_staging/110kV变电站总平面及竖向布置图.normalized.json,outputs/topology_graph/_P1_staging/110kV变电站总平面及竖向布置图.topology.v0.json,outputs/topology_panel_v1_sample/_P1_staging/110kV变电站总平面及竖向布置图#panel_001.topology.v1.json,ok,,698,594,1381,723,1011,36,848,1376,52,0.0116,0.8365,1.0,
_P1_staging/110kV变电站电气主接线#panel_000,_P1_staging/110kV变电站电气主接线,train,P1,_P1_staging,0,1,full,datas/qa_and_png/P1_oda_output/110kV变电站电气主接线.png,"725.2791,456.6952,1145.2791,1050.6952",outputs/normalized_geometry/_P1_staging/110kV变电站电气主接线.normalized.json,outputs/topology_graph/_P1_staging/110kV变电站电气主接线.topology.v0.json,outputs/topology_panel_v1_sample/_P1_staging/110kV变电站电气主接线#panel_000.topology.v1.json,ok,,20477,14496,27440,9178,13960,479,10174,13986,1201,0.0326,0.3959,0.3637,
_P1_staging/110kV变电站电气主接线wm666.taobao.com#panel_000,_P1_staging/110kV变电站电气主接线wm666.taobao.com,train,P1,_P1_staging,0,1,full,datas/qa_and_png/P1_oda_output/110kV变电站电气主接线wm666.taobao.com.png,"725.2791,456.6952,1145.2791,1050.6952",outputs/normalized_geometry/_P1_staging/110kV变电站电气主接线wm666.taobao.com.normalized.json,outputs/topology_graph/_P1_staging/110kV变电站电气主接线wm666.taobao.com.topology.v0.json,outputs/topology_panel_v1_sample/_P1_staging/110kV变电站电气主接线wm666.taobao.com#panel_000.topology.v1.json,ok,,20476,14496,27440,9178,13960,479,10174,13986,1201,0.0326,0.3959,0.3637,
_P1_staging/110kV变电站直流图纸#panel_000,_P1_staging/110kV变电站直流图纸,train,P1,_P1_staging,0,1,full,datas/qa_and_png/P1_oda_output/110kV变电站直流图纸.png,"-1076.7539,-571.3843,874.9772,678.7929",outputs/normalized_geometry/_P1_staging/110kV变电站直流图纸.normalized.json,outputs/topology_graph/_P1_staging/110kV变电站直流图纸.topology.v0.json,outputs/topology_panel_v1_sample/_P1_staging/110kV变电站直流图纸#panel_000.topology.v1.json,ok,,10126,5841,13743,5669,8430,77,10440,12628,924,0.0293,0.0426,1.0,high_fragmentation
_P1_staging/110kV变电站远动范围图#panel_000,_P1_staging/110kV变电站远动范围图,train,P1,_P1_staging,0,1,full,datas/qa_and_png/P1_oda_output/110kV变电站远动范围图.png,"742.256,-9.7454,1721.0162,462.7546",outputs/normalized_geometry/_P1_staging/110kV变电站远动范围图.normalized.json,outputs/topology_graph/_P1_staging/110kV变电站远动范围图.topology.v0.json,outputs/topology_panel_v1_sample/_P1_staging/110kV变电站远动范围图#panel_000.topology.v1.json,ok,,2370,2245,2977,647,795,12,2930,2925,540,0.028,0.0752,0.5434,high_fragmentation
_P1_staging/110kV变电站远动范围图wm666.taobao.com#panel_000,_P1_staging/110kV变电站远动范围图wm666.taobao.com,val,P1,_P1_staging,0,1,full,datas/qa_and_png/P1_oda_output/110kV变电站远动范围图wm666.taobao.com.png,"742.256,-9.7454,1721.0162,462.7546",outputs/normalized_geometry/_P1_staging/110kV变电站远动范围图wm666.taobao.com.normalized.json,outputs/topology_graph/_P1_staging/110kV变电站远动范围图wm666.taobao.com.topology.v0.json,outputs/topology_panel_v1_sample/_P1_staging/110kV变电站远动范围图wm666.taobao.com#panel_000.topology.v1.json,ok,,2369,2245,2977,647,795,12,2930,2925,540,0.028,0.0752,0.5434,high_fragmentation
_P1_staging/110kV工程主变保护原理#panel_000,_P1_staging/110kV工程主变保护原理,train,P1,_P1_staging,0,1,full,datas/qa_and_png/P1_oda_output/110kV工程主变保护原理.png,"424.7,-530.3,2260.7,509.2",outputs/normalized_geometry/_P1_staging/110kV工程主变保护原理.normalized.json,outputs/topology_graph/_P1_staging/110kV工程主变保护原理.topology.v0.json,outputs/topology_panel_v1_sample/_P1_staging/110kV工程主变保护原理#panel_000.topology.v1.json,ok,,9249,5384,8325,1968,3028,5,9091,7985,1944,0.1544,0.0289,1.0,high_fragmentation
_P1_staging/110kV线路控制原理图#panel_000,_P1_staging/110kV线路控制原理图,train,P1,_P1_staging,0,1,full,datas/qa_and_png/P1_oda_output/110kV线路控制原理图.png,"142.4097,79.1845,351.8585,397.6413",outputs/normalized_geometry/_P1_staging/110kV线路控制原理图.normalized.json,outputs/topology_graph/_P1_staging/110kV线路控制原理图.topology.v0.json,outputs/topology_panel_v1_sample/_P1_staging/110kV线路控制原理图#panel_000.topology.v1.json,ok,,1008,652,927,237,276,1,1023,918,215,0.1569,0.0915,0.1906,high_fragmentation
_P1_staging/110kV线路直流接线原理图#panel_000,_P1_staging/110kV线路直流接线原理图,train,P1,_P1_staging,0,1,full,datas/qa_and_png/P1_oda_output/110kV线路直流接线原理图.png,"-156.6158,223.5509,218.2593,460.3028",outputs/normalized_geometry/_P1_staging/110kV线路直流接线原理图.normalized.json,outputs/topology_graph/_P1_staging/110kV线路直流接线原理图.topology.v0.json,outputs/topology_panel_v1_sample/_P1_staging/110kV线路直流接线原理图#panel_000.topology.v1.json,ok,,1146,585,1446,498,880,2,1217,1409,151,0.0497,0.22,0.2217,
_P1_staging/110kV联络线(改）#panel_000,_P1_staging/110kV联络线(改）,train,P1,_P1_staging,0,1,full,datas/qa_and_png/P1_oda_output/110kV联络线(改）.png,"26.192,-66.5037,2397.1862,725.5392",outputs/normalized_geometry/_P1_staging/110kV联络线(改）.normalized.json,outputs/topology_graph/_P1_staging/110kV联络线(改）.topology.v0.json,outputs/topology_panel_v1_sample/_P1_staging/110kV联络线(改）#panel_000.topology.v1.json,ok,,11178,6061,17209,8441,11913,75,11067,16169,493,0.0153,0.2119,1.0,
_P1_staging/110kV进线及主变电流电压二次回路#panel_000,_P1_staging/110kV进线及主变电流电压二次回路,train,P1,_P1_staging,0,1,full,datas/qa_and_png/P1_oda_output/110kV进线及主变电流电压二次回路.png,"-217.9643,0.0,1001.7785,442.9776",outputs/normalized_geometry/_P1_staging/110kV进线及主变电流电压二次回路.normalized.json,outputs/topology_graph/_P1_staging/110kV进线及主变电流电压二次回路.topology.v0.json,outputs/topology_panel_v1_sample/_P1_staging/110kV进线及主变电流电压二次回路#panel_000.topology.v1.json,ok,,1672,854,1415,379,624,2,1537,1314,305,0.1682,0.0883,0.6488,high_fragmentation
_P1_staging/110kV部分wm666.taobao.com#panel_000,_P1_staging/110kV部分wm666.taobao.com,test,P1,_P1_staging,0,1,full,datas/qa_and_png/P1_oda_output/110kV部分wm666.taobao.com.png,"-16.3102,17.1576,7970.6007,3529.119",outputs/normalized_geometry/_P1_staging/110kV部分wm666.taobao.com.normalized.json,outputs/topology_graph/_P1_staging/110kV部分wm666.taobao.com.topology.v0.json,outputs/topology_panel_v1_sample/_P1_staging/110kV部分wm666.taobao.com#panel_000.topology.v1.json,ok,,12937,9205,20632,9794,13218,83,13659,19758,879,0.0265,0.1221,1.0,high_fragmentation
_P1_staging/110kV降压变电站主接线图#panel_000,_P1_staging/110kV降压变电站主接线图,train,P1,_P1_staging,0,1,full,datas/qa_and_png/P1_oda_output/110kV降压变电站主接线图.png,"-15.5401,23.8257,106.5018,105.3353",outputs/normalized_geometry/_P1_staging/110kV降压变电站主接线图.normalized.json,outputs/topology_graph/_P1_staging/110kV降压变电站主接线图.topology.v0.json,outputs/topology_panel_v1_sample/_P1_staging/110kV降压变电站主接线图#panel_000.topology.v1.json,ok,,1580,1297,1759,345,513,17,1785,1750,285,0.0526,0.196,0.0734,
_P1_staging/110kV降压变电站主接线图wm666.taobao.com#panel_000,_P1_staging/110kV降压变电站主接线图wm666.taobao.com,test,P1,_P1_staging,0,1,full,datas/qa_and_png/P1_oda_output/110kV降压变电站主接线图wm666.taobao.com.png,"-15.5401,23.8257,106.5018,105.3353",outputs/normalized_geometry/_P1_staging/110kV降压变电站主接线图wm666.taobao.com.normalized.json,outputs/topology_graph/_P1_staging/110kV降压变电站主接线图wm666.taobao.com.topology.v0.json,outputs/topology_panel_v1_sample/_P1_staging/110kV降压变电站主接线图wm666.taobao.com#panel_000.topology.v1.json,ok,,1579,1297,1759,345,513,17,1785,1750,285,0.0526,0.196,0.0734,
_P1_staging/110kv substation#panel_000,_P1_staging/110kv substation,train,P1,_P1_staging,0,1,full,datas/qa_and_png/P1_oda_output/110kv substation.png,"826.2293,619.7902,1876.2293,1091.319",outputs/normalized_geometry/_P1_staging/110kv substation.normalized.json,outputs/topology_graph/_P1_staging/110kv substation.topology.v0.json,outputs/topology_panel_v1_sample/_P1_staging/110kv substation#panel_000.topology.v1.json,ok,,2810,2064,4807,1903,3203,41,3653,4276,598,0.0543,0.2673,0.5755,
_P1_staging/110kv substation(1)#panel_000,_P1_staging/110kv substation(1),train,P1,_P1_staging,0,1,full,datas/qa_and_png/P1_oda_output/110kv substation(1).png,"-10074.7188,-914.5185,52925.2812,28785.4815",outputs/normalized_geometry/_P1_staging/110kv substation(1).normalized.json,outputs/topology_graph/_P1_staging/110kv substation(1).topology.v0.json,outputs/topology_panel_v1_sample/_P1_staging/110kv substation(1)#panel_000.topology.v1.json,ok,,556,556,992,380,540,8,708,986,67,0.0325,0.3945,1.0,
_P1_staging/110kv substation(2)#panel_000,_P1_staging/110kv substation(2),val,P1,_P1_staging,0,1,full,datas/qa_and_png/P1_oda_output/110kv substation(2).png,"-10374.7188,-1414.5185,78725.2812,40585.4815",outputs/normalized_geometry/_P1_staging/110kv substation(2).normalized.json,outputs/topology_graph/_P1_staging/110kv substation(2).topology.v0.json,outputs/topology_panel_v1_sample/_P1_staging/110kv substation(2)#panel_000.topology.v1.json,ok,,1893,1968,6555,3197,4854,16,4220,6546,207,0.011,0.5069,1.0,
_P1_staging/110kv substation(3)#panel_000,_P1_staging/110kv substation(3),train,P1,_P1_staging,0,1,full,datas/qa_and_png/P1_oda_output/110kv substation(3).png,"1515.066,164.9276,3024.2627,1695.2941",outputs/normalized_geometry/_P1_staging/110kv substation(3).normalized.json,outputs/topology_graph/_P1_staging/110kv substation(3).topology.v0.json,outputs/topology_panel_v1_sample/_P1_staging/110kv substation(3)#panel_000.topology.v1.json,ok,,740,583,825,192,245,0,873,762,208,0.1234,0.1929,1.0,
_P1_staging/110kv substation(4)#panel_000,_P1_staging/110kv substation(4),train,P1,_P1_staging,0,1,full,datas/qa_and_png/P1_oda_output/110kv substation(4).png,"-29532.2345,-914.5185,45675.2812,28785.4815",outputs/normalized_geometry/_P1_staging/110kv substation(4).normalized.json,outputs/topology_graph/_P1_staging/110kv substation(4).topology.v0.json,outputs/topology_panel_v1_sample/_P1_staging/110kv substation(4)#panel_000.topology.v1.json,ok,,1129,913,1687,612,879,0,1339,1644,125,0.045,0.5426,1.0,
_P1_staging/110kv substation(5)#panel_000,_P1_staging/110kv substation(5),train,P1,_P1_staging,0,1,full,datas/qa_and_png/P1_oda_output/110kv substation(5).png,"-10374.7188,-1414.5185,78725.2812,40585.4815",outputs/normalized_geometry/_P1_staging/110kv substation(5).normalized.json,outputs/topology_graph/_P1_staging/110kv substation(5).topology.v0.json,outputs/topology_panel_v1_sample/_P1_staging/110kv substation(5)#panel_000.topology.v1.json,ok,,1896,1968,6555,3197,4854,16,4220,6546,207,0.011,0.5069,1.0,
_P1_staging/110kv变电气主接线#panel_000,_P1_staging/110kv变电气主接线,train,P1,_P1_staging,0,1,full,datas/qa_and_png/P1_oda_output/110kv变电气主接线.png,"1730.6604,-52.196,2561.117,552.5185",outputs/normalized_geometry/_P1_staging/110kv变电气主接线.normalized.json,outputs/topology_graph/_P1_staging/110kv变电气主接线.topology.v0.json,outputs/topology_panel_v1_sample/_P1_staging/110kv变电气主接线#panel_000.topology.v1.json,ok,,2173,1630,2873,731,1252,0,3201,2830,463,0.0304,0.0371,0.5136,high_fragmentation
_P1_staging/110kv变电站电气一次图纸目录#panel_000,_P1_staging/110kv变电站电气一次图纸目录,train,P1,_P1_staging,0,1,full,datas/qa_and_png/P1_oda_output/110kv变电站电气一次图纸目录.png,"-1629.6277,-43.1,-1035.6277,376.9",outputs/normalized_geometry/_P1_staging/110kv变电站电气一次图纸目录.normalized.json,outputs/topology_graph/_P1_staging/110kv变电站电气一次图纸目录.topology.v0.json,outputs/topology_panel_v1_sample/_P1_staging/110kv变电站电气一次图纸目录#panel_000.topology.v1.json,ok,,64,10,10,0,0,0,12,10,4,0.2,0.4,0.3637,
_P1_staging/110kv变电站电气一次图纸目录wm666.taobao.com#panel_000,_P1_staging/110kv变电站电气一次图纸目录wm666.taobao.com,train,P1,_P1_staging,0,1,full,datas/qa_and_png/P1_oda_output/110kv变电站电气一次图纸目录wm666.taobao.com.png,"-1629.6277,-43.1,-1035.6277,376.9",outputs/normalized_geometry/_P1_staging/110kv变电站电气一次图纸目录wm666.taobao.com.normalized.json,outputs/topology_graph/_P1_staging/110kv变电站电气一次图纸目录wm666.taobao.com.topology.v0.json,outputs/topology_panel_v1_sample/_P1_staging/110kv变电站电气一次图纸目录wm666.taobao.com#panel_000.topology.v1.json,ok,,64,10,10,0,0,0,12,10,4,0.2,0.4,0.3637,
_P1_staging/110kv变电站电气一次说明书#panel_000,_P1_staging/110kv变电站电气一次说明书,train,P1,_P1_staging,0,1,full,datas/qa_and_png/P1_oda_output/110kv变电站电气一次说明书.png,"-1629.6277,-43.1,-1035.6277,376.9",outputs/normalized_geometry/_P1_staging/110kv变电站电气一次说明书.normalized.json,outputs/topology_graph/_P1_staging/110kv变电站电气一次说明书.topology.v0.json,outputs/topology_panel_v1_sample/_P1_staging/110kv变电站电气一次说明书#panel_000.topology.v1.json,ok,,24,10,10,0,0,0,12,10,4,0.2,0.4,0.3637,
_P1_staging/110kv变电站电气一次说明书wm666.taobao.com#panel_000,_P1_staging/110kv变电站电气一次说明书wm666.taobao.com,test,P1,_P1_staging,0,1,full,datas/qa_and_png/P1_oda_output/110kv变电站电气一次说明书wm666.taobao.com.png,"-1629.6277,-43.1,-1035.6277,376.9",outputs/normalized_geometry/_P1_staging/110kv变电站电气一次说明书wm666.taobao.com.normalized.json,outputs/topology_graph/_P1_staging/110kv变电站电气一次说明书wm666.taobao.com.topology.v0.json,outputs/topology_panel_v1_sample/_P1_staging/110kv变电站电气一次说明书wm666.taobao.com#panel_000.topology.v1.json,ok,,24,10,10,0,0,0,12,10,4,0.2,0.4,0.3637,
_P1_staging/110主变保护柜接线图#panel_000,_P1_staging/110主变保护柜接线图,train,P1,_P1_staging,0,1,full,datas/qa_and_png/P1_oda_output/110主变保护柜接线图.png,"398.5,-5945.5912,13400.7722,5853.7653",outputs/normalized_geometry/_P1_staging/110主变保护柜接线图.normalized.json,outputs/topology_graph/_P1_staging/110主变保护柜接线图.topology.v0.json,outputs/topology_panel_v1_sample/_P1_staging/110主变保护柜接线图#panel_000.topology.v1.json,ok,,2808,1857,4893,2119,3267,67,3306,4834,259,0.0165,0.2189,1.0,
_P1_staging/12-1#主变35kV侧断路器机构端子排图#panel_000,_P1_staging/12-1#主变35kV侧断路器机构端子排图,train,P1,_P1_staging,0,1,full,datas/qa_and_png/P1_oda_output/12-1#主变35kV侧断路器机构端子排图.png,"0.0,-3124.7791,6188.3186,1830.531",outputs/normalized_geometry/_P1_staging/12-1#主变35kV侧断路器机构端子排图.normalized.json,outputs/topology_graph/_P1_staging/12-1#主变35kV侧断路器机构端子排图.topology.v0.json,outputs/topology_panel_v1_sample/_P1_staging/12-1#主变35kV侧断路器机构端子排图#panel_000.topology.v1.json,ok,,2813,1442,4196,2129,2948,30,2875,4133,188,0.0203,0.2775,1.0,
_P1_staging/13-1#主变110kV侧隔离开关闭锁原理及二次安装接线图#panel_000,_P1_staging/13-1#主变110kV侧隔离开关闭锁原理及二次安装接线图,train,P1,_P1_staging,0,1,full,datas/qa_and_png/P1_oda_output/13-1#主变110kV侧隔离开关闭锁原理及二次安装接线图.png,"0.0,-3124.7791,6188.3186,900.9311",outputs/normalized_geometry/_P1_staging/13-1#主变110kV侧隔离开关闭锁原理及二次安装接线图.normalized.json,outputs/topology_graph/_P1_staging/13-1#主变110kV侧隔离开关闭锁原理及二次安装接线图.topology.v0.json,outputs/topology_panel_v1_sample/_P1_staging/13-1#主变110kV侧隔离开关闭锁原理及二次安装接线图#panel_000.topology.v1.json,ok,,1300,912,1324,667,733,10,928,1301,134,0.0592,0.5557,1.0,
_P1_staging/132kV变电站主接线图#panel_000,_P1_staging/132kV变电站主接线图,train,P1,_P1_staging,0,1,full,datas/qa_and_png/P1_oda_output/132kV变电站主接线图.png,"-14011.3806,-5862.074,15113.613,12746.0108",outputs/normalized_geometry/_P1_staging/132kV变电站主接线图.normalized.json,outputs/topology_graph/_P1_staging/132kV变电站主接线图.topology.v0.json,outputs/topology_panel_v1_sample/_P1_staging/132kV变电站主接线图#panel_000.topology.v1.json,ok,,4059,3508,10095,4422,7033,43,5654,8540,272,0.0191,0.3203,1.0,
_P1_staging/132kV变电站主接线图wm666.taobao.com#panel_000,_P1_staging/132kV变电站主接线图wm666.taobao.com,train,P1,_P1_staging,0,1,full,datas/qa_and_png/P1_oda_output/132kV变电站主接线图wm666.taobao.com.png,"-14011.3806,-5862.074,15113.613,12746.0108",outputs/normalized_geometry/_P1_staging/132kV变电站主接线图wm666.taobao.com.normalized.json,outputs/topology_graph/_P1_staging/132kV变电站主接线图wm666.taobao.com.topology.v0.json,outputs/topology_panel_v1_sample/_P1_staging/132kV变电站主接线图wm666.taobao.com#panel_000.topology.v1.json,ok,,4058,3508,10095,4422,7033,43,5654,8540,272,0.0191,0.3203,1.0,
